,coin,base_date,base_price,max_date,max_price,pct_change
0,10set,2022-06-09,0.27661005460358323,2022-06-25,3.7528809281921087,12.567406049539509
1,1inch,2020-12-30,0.8927881040726732,2021-02-06,5.819219195129978,5.518029494999064
2,aave,2020-12-27,75.0472309062878,2021-02-13,529.2602595240969,6.0523622675031055
3,ach,2021-07-21,0.0013679780673833935,2021-08-07,0.1592295630836546,115.39774560729741
4,ada,2017-11-02,0.021320577458857376,2018-01-04,1.1793470150411156,54.31496589700342
5,ads,2017-12-05,0.22136030928412698,2018-01-13,2.147810967656178,8.702782646998184
6,ads,2019-03-25,0.013897870308420816,2019-06-03,0.8657571645595642,61.29423252244597
7,ads,2021-03-05,0.03508579388428452,2021-05-15,0.5244206187079523,13.94680782876196
8,aergo,2019-02-08,0.0563954488370685,2019-04-10,0.4690751121412977,7.317605796462366
9,aergo,2021-01-28,0.04514335062007452,2021-04-03,0.4667702401564322,9.339734063710969
10,agix,2021-05-29,0.037961099296640516,2021-06-09,0.8049102764458033,20.203555517609477
11,albt,2020-12-16,0.05990301816173516,2021-01-29,0.924022034007826,14.425300132841597
12,aleph,2020-06-23,0.009043793980785251,2020-09-01,0.6042960531670596,65.81886545082376
13,alpaca,2021-04-01,0.39068554405312395,2021-05-04,3.4276950189715065,7.773539413338062
14,alpha,2020-11-04,0.027981268648910443,2021-02-06,2.634559619488634,93.1544020946749
15,alu,2021-08-13,0.004032089686909313,2021-09-19,0.060843516422808004,14.089822188316926
16,alu,2021-10-13,0.037772617907835725,2021-11-03,0.4265516558026806,10.292615641400772
17,ama,2021-05-18,1.1910431351223352e-05,2021-07-09,0.06269187257654298,5262.61058872177
18,ama,2022-03-16,0.012567590796458543,2022-04-21,0.09301495960049468,6.401176654057325
19,amp,2021-01-28,0.005663694500507119,2021-02-14,0.036486461115999326,5.442166171344938
20,ampl,2019-10-25,0.2266286924828529,2019-11-18,1.3914236080528777,5.139662161966341
21,ankr,2020-06-16,0.0022970464983202697,2020-08-11,0.016571492285167192,6.214260702726395
22,ankr,2021-02-07,0.015862826883237563,2021-04-18,0.19623403438127807,11.370684987342381
23,ant,2020-07-10,1.350035379292816,2020-08-27,9.592579119875472,6.105427951747692
24,aog,2019-03-05,0.0037128856025825203,2019-04-21,0.20364014100588207,53.84686650842109
25,aog,2019-05-13,0.0010001062925035925,2019-06-27,0.1675570785956834,166.53927042717962
26,aog,2019-10-04,0.0020325624600752573,2019-10-08,0.026953660601759268,12.260926112332747
27,aog,2020-04-13,0.0009846150519622005,2020-05-07,0.010191491303120087,9.350736851736997
28,aog,2020-07-04,0.004446805088854497,2020-09-05,0.11669359696826145,25.24212094673164
29,aog,2021-06-29,0.013464350439341792,2021-10-25,0.15284568456875725,10.351879562058482
30,aog,2022-01-01,0.008816380651928359,2022-02-05,0.2099371558438235,22.812170110634355
31,aog,2022-03-20,0.010534154511748892,2022-04-08,0.2289438885069673,20.733484946667808
32,aog,2022-05-28,0.012309262790571115,2022-06-05,0.21005308431105252,16.064635623179075
33,aqt,2021-02-03,1.760335045244017,2021-04-03,13.502677391090256,6.670515580298818
34,ar,2021-02-01,4.79351941913387,2021-04-01,32.4557642370004,5.77075889323606
35,ar,2021-07-21,7.3249903902277875,2021-09-10,65.59841044259375,7.955426143644922
36,ardr,2017-04-07,0.019632,2017-06-19,0.280614,13.293704156479217
37,ardr,2017-11-12,0.18726600000000002,2018-01-13,2.04358,9.912712398406544
38,ark,2017-07-16,0.329784,2017-09-15,3.97,11.038182567983892
39,arrr,2019-04-13,0.03251792519591168,2019-06-26,0.2720632234030637,7.36656157377682
40,arrr,2021-04-04,0.28379014165860245,2021-04-24,13.044486350181367,44.96525543115516
41,arv,2021-09-02,2.656852298048746e-05,2021-10-13,0.001176238457358654,43.271879856569775
42,asd,2019-02-08,0.015877215454892468,2019-03-27,0.2368306716079785,13.916385828536487
43,asd,2020-12-26,0.03575384087862255,2021-03-28,3.11859831808795,86.22414827192958
44,ask,2021-02-06,0.0001863156748894076,2021-03-10,0.008451528792463919,44.36134062515426
45,ast,2017-11-21,0.19621439936592802,2018-01-09,1.854511325477593,8.451453774394208
46,ast,2020-07-28,0.05025851316429453,2020-08-18,0.3146276128958527,5.2601854509173105
47,atm,2020-12-11,3.937028780666792,2020-12-30,26.086615265347753,5.6259650916063695
48,atm,2021-04-25,8.657104981685615,2021-05-22,52.248456545064535,5.035326665853981
49,audio,2021-01-13,0.16896578108655974,2021-03-28,4.030578181657163,22.854405050170083
50,ava,2019-03-26,0.015407512537370481,2019-04-27,0.17680774348968828,10.475424281553959
51,ava,2020-06-30,0.2998034160031057,2020-08-06,2.0114519931190165,5.709236405425679
52,avax,2020-12-31,2.9140658167284226,2021-02-11,55.51484730173893,18.05064977704059
53,avax,2021-07-21,9.66826820995774,2021-09-24,76.35486767740508,6.897470986454857
54,avinoc,2018-09-19,0.0021017957238233407,2018-10-21,0.016594301272016908,6.895296904415857
55,avinoc,2019-06-06,0.0008742584352521215,2019-06-28,0.00600416061030253,5.8677182492051445
56,avinoc,2019-09-03,3.014038964175072e-05,2019-09-28,0.001899904477985132,62.03516645164296
57,avinoc,2019-12-16,7.194624984529458e-05,2020-02-02,0.0036114280207291726,49.196195472242074
58,avinoc,2020-03-31,0.0006587782423272963,2022-02-24,0.4690120537951745,710.942234367477
59,avt,2020-05-21,0.03248671491707393,2020-06-19,0.2734842930942369,7.418342506847397
60,avt,2021-01-15,0.08779046263013242,2021-01-30,1.207928886670146,12.759226805299319
61,avt,2021-09-14,0.356840653123323,2021-10-28,4.227735970218573,10.84768588784496
62,axn,2020-12-18,4.4723398501520245e-06,2021-01-25,0.0003386019142102291,74.7102379414926
63,axs,2021-02-01,0.8029437120252809,2021-04-29,10.672728652078053,12.292001035985471
64,axs,2021-06-23,3.2188838429800386,2021-11-08,159.76122164236008,48.632490464288814
65,babydoge,2021-09-29,5.668457591039348e-10,2021-11-02,4.340774491693927e-09,6.657770075859416
66,badger,2020-12-29,5.335538058469863,2021-02-09,83.86567990513909,14.71831725049868
67,bake,2021-01-12,0.012940482374162166,2021-02-20,2.656665761850417,204.29882001577417
68,bake,2021-03-26,0.9143454843728838,2021-05-03,8.155555331446191,7.919555540912185
69,band,2020-06-28,1.0407449744511867,2020-09-02,15.353244456127605,13.752167757738912
70,bat,2017-11-21,0.154859896982822,2018-01-09,0.959505426969072,5.1959580605655855
71,bcd,2018-01-03,20.59039969787367,2018-01-13,147.1797900854071,6.147981207018825
72,bcd,2018-02-28,6.274120240086873,2018-03-06,50.5785041898176,7.06144961434741
73,bcd,2018-04-05,1.9785925283410843,2018-05-06,29.356052814408297,13.836835980079918
74,bcd,2021-03-26,1.0179462686435292,2021-05-09,10.00676648083133,8.830348407451712
75,bch,2017-11-06,605.3044806670371,2017-12-20,3785.8197654259397,5.254405652596557
76,bcn,2017-04-08,0.0001184144499252894,2017-05-21,0.005345991431745535,44.14644483944698
77,bcn,2017-11-12,0.0010305399014647935,2018-01-06,0.0179562734711485,16.424141894579463
78,bcn,2018-04-07,0.002029028258842504,2018-05-09,0.06750581541564442,32.27002229833622
79,bcn,2021-01-13,0.00013204203714198252,2021-02-13,0.0008243772814712553,5.243294175966224
80,bel,2022-05-13,0.2446582077646121,2022-06-08,1.861626171398122,6.609089383950729
81,bezoge,2021-09-30,1.5254178124535988e-10,2021-11-23,1.5221470924388624e-08,98.7855853007593
82,bfc,2021-07-16,0.0389715474025355,2021-08-19,0.633849852109493,15.264426084047525
83,bifi,2020-10-13,4.089882722652179,2020-12-17,94.64083767400416,22.140232640370705
84,bifi,2021-01-12,64.28384407170175,2021-03-17,3053.8630315040755,46.505918098143255
85,bitci,2021-02-01,0.001580487490355686,2021-04-06,0.11012906911134117,68.68044339696533
86,bnb,2017-09-24,0.08545453920539132,2018-01-06,24.36990480996209,284.1797579925935
87,bnb,2021-01-13,38.11427219614462,2021-02-20,338.06613613445165,7.86980431883068
88,bnt,2020-05-12,0.185901802557466,2020-08-09,2.615435396405746,13.068908210813406
89,bnt,2021-01-13,1.381639800480401,2021-03-09,9.215389542273773,5.66989293379472
90,boo,2021-07-21,1.9630634052135905,2021-09-07,25.356790294911857,11.916949206820409
91,bor,2021-09-29,84.97461039957173,2021-11-23,1285.9503571486293,14.133348080112063
92,boring,2021-10-01,0.009096764503262151,2021-11-23,0.13527533309781886,13.870708486441345
93,box,2021-01-16,0.0011669047493562928,2021-02-15,0.12749334512641708,108.25771379090457
94,box,2022-03-17,0.00800050860345757,2022-04-15,0.9008525168864412,111.59940605490016
95,brg.x,2021-11-27,0.041234467045852055,2022-01-06,0.4988874548795236,11.098797210711341
96,bsw,2022-03-14,0.28587945928693204,2022-04-02,1.7341854473536964,5.066142183419782
97,btc,2013-10-08,125.72,2013-11-30,1127.45,7.967944638880051
98,btm,2017-11-26,0.0960215541892782,2018-01-13,0.7259105905904663,6.559871288477038
99,btnt,2019-02-15,0.006605001410145589,2019-03-25,0.08609509646525268,12.034833926455583
100,btnt,2019-04-04,0.001627775892071064,2019-04-26,0.05745525192778056,34.29678268835808
101,btnt,2020-12-30,0.00162131705792256,2021-08-27,0.5018650827265579,308.5416040152023
102,btnt,2021-09-09,0.0020874746410532307,2022-03-31,0.42204111181230797,201.17783896017443
103,btr,2021-02-04,0.039697318062139775,2021-03-15,0.4545514777935892,10.450432925520607
104,bts,2014-07-28,0.00760539,2014-08-25,0.04843177332560338,5.368085440142239
105,bts,2017-04-11,0.00840491074992479,2017-06-11,0.3880326306388052,45.167370741239274
106,bts,2017-10-23,0.05089796726732231,2018-01-03,0.9239211957943468,17.1524183655862
107,bux,2021-02-02,0.04641743069763099,2021-04-12,0.7562432790087809,15.292226166826104
108,bux,2021-02-02,0.04641743069763099,2021-04-12,0.7562432790087809,15.292226166826104
109,bzrx,2020-07-15,0.1345110607049484,2020-08-31,1.3963421168867232,9.380872097571338
110,c98,2021-07-24,0.7423263699424979,2021-08-28,5.34346881347409,6.198274276431815
111,cake,2020-12-25,0.4777316336333148,2021-02-20,19.22064909743894,39.23315130141003
112,cate,2021-09-11,5.635444110912144e-08,2021-11-10,1.1286999346414916e-05,199.28588917348023
113,cdt,2021-08-03,0.01659289683317441,2021-11-09,0.21095188159328154,11.713384752174345
114,ceek,2021-07-28,0.0026721732891526982,2021-09-05,0.031782691419457415,10.893948475749932
115,ceek,2021-09-25,0.006193246234676343,2021-11-30,1.1221885719759537,180.19553614593187
116,celr,2021-02-02,0.008194251409630456,2021-03-28,0.09365339986933796,10.429158709881657
117,cfx,2021-01-05,0.12095915785380686,2021-03-27,1.5521771282715309,11.832241525255297
118,chess,2021-07-22,0.3920547083042106,2021-08-30,5.397677026406341,12.767662808472313
119,chr,2021-01-13,0.023065344979732973,2021-03-13,0.5752703783650102,23.94089634776709
120,chsb,2020-05-06,0.01899213751190784,2020-06-18,0.16603035038109154,7.7420570895188865
121,chz,2021-01-22,0.019032041859942023,2021-03-13,0.7315681772801559,37.438764619362
122,cocos,2020-12-29,0.00023662403185011895,2021-03-30,1.6395524944868578,6927.934824022329
123,cocos,2021-10-22,0.6231264093571387,2021-11-25,5.3929893769286465,7.654727669932071
124,coti,2021-01-13,0.04820171321597399,2021-03-31,0.5111366416634625,9.604117728621986
125,coval,2016-01-18,7.7292e-05,2016-02-29,0.000954537,11.3497515913678
126,coval,2017-03-31,1e-05,2017-04-01,0.00155,153.99999999999997
127,coval,2017-04-22,0.0009880000000000002,2017-06-06,0.017396000000000002,16.60728744939271
128,coval,2017-11-12,0.00356811,2018-01-06,0.0497662,12.947496013295552
129,coval,2020-06-29,0.00018268668942254183,2020-08-25,0.00928967176590842,49.850293446514016
130,coval,2020-09-04,0.001121821849921168,2020-09-30,0.009645668611021271,7.598217811231868
131,coval,2021-01-23,0.00098725206642612,2021-03-20,0.04139666747641114,40.931203675539756
132,coval,2021-11-11,0.00990096213807273,2021-12-11,0.17800957250534805,16.979017596768475
133,cre,2021-02-11,0.0039242950214829755,2021-04-03,0.039631838146001,9.099097526827705
134,cream,2020-08-08,16.09491847256559,2020-09-11,280.6520682496233,16.43730909404764
135,cream,2020-12-24,52.784105708741855,2021-02-05,317.5843230530368,5.016665789611739
136,cro,2019-02-15,0.01232938388440434,2019-03-16,0.10291566663174656,7.347186493392134
137,crv,2020-12-24,0.4202634808721991,2021-02-12,3.5338020472137814,7.408539423601263
138,ctc,2021-01-13,0.6588887606455671,2021-03-14,8.390010854952985,11.73357713179476
139,ctsi,2021-01-13,0.04475072878981448,2021-02-12,0.32131686176036617,6.180148132771855
140,ctx,2021-08-18,6.4488333393637065,2021-09-14,42.74249226551103,5.627941833232171
141,cult,2022-03-16,1.5500276144475364e-07,2022-04-04,5.82374526000994e-05,374.7188069249753
142,cuni,2020-12-12,0.05993723293262354,2021-03-08,0.6915747452143877,10.538316191403073
143,cxo,2019-04-14,0.00031143234688605216,2019-04-21,0.01195891669822338,37.39972571185403
144,cxo,2020-12-31,0.0075877532164946035,2021-02-14,0.09842628562761964,11.97172994683803
145,cxo,2021-03-01,0.048672486972015455,2021-04-11,0.3362193105480473,5.907789830861914
146,dag,2021-02-08,0.011945407443131894,2021-03-30,0.0938351460145787,6.855332391238773
147,dag,2021-06-30,0.06750984847124858,2021-08-26,0.4501607572703152,5.668075361804905
148,dash,2014-04-10,0.465174179998,2014-06-02,15.425635,32.1609871383367
149,dash,2017-01-29,15.378527121393487,2017-03-18,108.31312767627486,6.043140531032879
150,dashd,2019-12-10,0.054346359751715034,2019-12-18,0.672464217367533,11.373675448359938
151,dashd,2020-08-08,0.0006505672290875744,2020-09-08,0.03519732629738041,53.102519653110924
152,dashd,2020-09-24,0.0006752981447123737,2020-11-04,0.010923781253381644,15.176234658595657
153,dashd,2020-11-11,0.000746236510223624,2021-05-02,2.9852514399666656,3999.4092523857857
154,dawn,2021-02-08,0.13612283733772745,2021-04-30,9.481979410636336,68.65752107496172
155,dcr,2016-12-26,0.4315395020833544,2017-02-04,3.271560665379595,6.581138342110971
156,dcr,2017-02-21,1.774428761212992,2017-06-22,46.94712765965106,25.457600714022576
157,dent,2017-11-15,0.000370752361121771,2018-01-09,0.10060010672009452,270.34043439592045
158,dent,2021-01-01,0.00019119185283882086,2021-04-06,0.01935785510275109,100.24832630326674
159,dep,2021-10-28,0.006759548485155311,2021-11-25,0.07466934242878856,10.046498533558921
160,derc,2021-08-06,0.5089238813992594,2021-09-18,3.8484881278297203,6.562011272193605
161,dero,2018-04-18,0.3601616573952309,2018-05-22,4.522615148237263,11.55718107514781
162,dero,2018-09-21,0.2680029939493858,2018-10-31,2.3034859824119938,7.595000930650135
163,dexe,2021-01-13,2.8840791561335903,2021-03-15,29.60705775838539,9.265688337790543
164,dexe,2021-06-27,2.8004366785873125,2021-07-25,19.93510664563588,6.118570756505087
165,dext,2020-06-20,1.473555553757572e-05,2020-08-11,0.14307607655664825,9708.581440062015
166,dext,2020-12-27,0.06581743298778077,2021-03-14,0.8880054099431965,12.491948403822704
167,dfi,2020-11-04,0.2015489742962436,2021-02-22,3.9618022349507513,18.656772001863718
168,dfx,2021-09-29,0.3626211241197175,2021-11-13,2.9546258130797707,7.147969372309144
169,dfx,2022-03-24,0.3310526425653358,2022-04-30,2.468287690045562,6.455876717729044
170,dgb,2015-01-14,3.098662207874696e-05,2015-02-07,0.00020448481949208468,5.599132327893731
171,dgb,2015-08-25,4.4265659999999996e-05,2015-11-03,0.00044142850407183565,8.972256238172788
172,dgb,2017-03-10,0.00019787166,2017-06-08,0.061825985592418635,311.45498012407955
173,dgb,2017-11-12,0.007717832918431211,2018-01-06,0.13523546301224226,16.522465754510183
174,dgb,2020-03-13,0.002990621281631034,2020-05-08,0.024381430477583423,7.152630567881937
175,divi,2020-04-22,0.008634008245664761,2020-06-08,0.05280295019866953,5.115693742264204
176,dka,2021-02-02,0.02106341675699648,2021-03-16,0.5025726241366727,22.859976277103137
177,dnt,2017-11-17,0.0352532004151528,2018-01-06,0.42994941456314106,11.196039210622617
178,dnt,2020-10-07,0.00771957779373536,2020-11-10,0.07256080271589102,8.399581771787574
179,dodo,2020-12-18,0.15689218191933152,2021-02-22,6.907411228586668,43.026484583777524
180,doge,2014-01-08,0.000208132,2014-02-12,0.00188563,8.059779370783925
181,doge,2017-04-11,0.00039865022217616767,2017-06-05,0.003825539147430649,8.596229814065182
182,doge,2017-10-28,0.0009901384043010538,2018-01-07,0.01758609267957335,16.76124691576579
183,doge,2020-12-12,0.0030793343605252464,2021-02-09,0.07922705589521394,24.728630482887887
184,doge,2021-03-26,0.051008121907801525,2021-05-08,0.6818416367796407,12.367315072138643
185,dpx,2021-08-31,314.0048838456034,2021-11-26,2539.219696841005,7.086561157085514
186,dusk,2021-01-13,0.04949561964119688,2021-03-20,0.4297196987429621,7.681974321325435
187,dvi,2021-02-27,0.11514955295933114,2021-04-02,1.0515209292638312,8.13178472898814
188,dvi,2021-10-13,0.453936191752472,2021-11-22,2.8132900142983046,5.197545085438728
189,dvpn,2021-01-22,0.004717983940968945,2021-03-30,0.03656316834567595,6.749744128668415
190,dvpn,2021-09-10,0.006080667292025128,2021-09-27,0.10580816023833138,16.400748167409212
191,dvpn,2021-10-28,0.002789703818529893,2021-11-05,0.036504953731670016,12.085601951431263
192,dvpn,2022-01-26,0.0018572441637237191,2022-01-29,0.017664006755929544,8.510869438143091
193,dvpn,2022-02-25,0.001031723735474365,2022-03-16,0.012479018012465379,11.09530960991974
194,edg,2020-06-22,0.0031105202124669016,2020-08-09,0.02726706853779883,7.76607984365862
195,egld,2021-01-13,31.74842297313683,2021-02-10,196.71411879398806,5.196028034539952
196,elon,2021-09-12,5.015530974510619e-08,2021-11-01,2.2884129725448967e-06,44.62653454190231
197,emaid,2015-12-30,0.014029,2016-03-10,0.112426,7.013828498111056
198,enj,2017-11-12,0.018659642845012703,2018-01-06,0.4646093364356186,23.899154838850414
199,enj,2019-02-07,0.025057225931720474,2019-03-09,0.2099490065041711,7.378780918377409
200,enj,2021-01-31,0.3342216178885142,2021-04-10,3.4558803519951584,9.340086239268734
201,eos,2017-10-23,0.5024004667168285,2018-01-13,18.79358546389613,36.4075796280836
202,erg,2019-02-07,0.9120671183695434,2019-02-28,5.835027920481746,5.397586101900848
203,erg,2020-12-28,0.3799765956085247,2021-02-28,3.8043102067912016,9.011959291068116
204,erg,2021-04-10,2.432087788814465,2021-05-19,18.05563408409137,6.423923662267426
205,etc,2017-03-27,2.13,2017-06-17,24.0,10.267605633802818
206,etc,2021-03-26,11.059148058324638,2021-05-07,136.3819880721249,11.332051922341796
207,eth,2015-12-28,0.8421696130307879,2016-03-13,14.89359978457807,16.68479835193673
208,etn,2017-11-12,0.02555204514425341,2018-01-06,0.20785411769371173,7.134539388932537
209,ewt,2020-04-03,0.5436278471258101,2020-06-16,7.6842118736120595,13.135059331928826
210,exrd,2021-10-21,0.10174129916875772,2021-11-15,0.6238909880612571,5.132131132180773
211,farm,2021-06-23,44.000634525778935,2021-08-29,305.2231235774285,5.936789136497691
212,fct,2021-02-24,0.06473214172519823,2021-04-03,0.4079644324096484,5.302347203983217
213,feg,2021-04-12,2.2232348948358027e-13,2021-05-13,2.2613571971896243e-08,101713.72220242555
214,feg,2021-09-29,1.7533723340353824e-09,2021-10-30,1.2873411437362656e-08,6.342086553706781
215,feg,2021-04-12,2.2232348948358027e-13,2021-05-13,2.2613571971896243e-08,101713.72220242555
216,feg,2021-09-29,1.7533723340353824e-09,2021-10-30,1.2873411437362656e-08,6.342086553706781
217,fet,2020-06-28,0.026242197223252637,2020-08-18,0.15940471919727864,5.074366328442712
218,fet,2021-02-01,0.09824575247554844,2021-03-30,0.8230203763749133,7.377159883627009
219,fida,2021-07-21,1.2572004188748278,2021-09-10,7.99711719979302,5.361051968905879
220,firo,2017-10-15,9.57709,2017-12-26,139.766,13.593785795058832
221,flex,2021-07-01,0.19293212164667825,2021-09-15,2.9410136744892825,14.243774076538894
222,floki,2021-07-07,1.0627468827130752e-07,2021-11-05,0.00030954943390377283,2911.7296342994428
223,flow,2021-01-30,6.398993964937577,2021-03-05,39.243951594409936,5.1328314746727175
224,flux,2019-03-30,0.02549728709903401,2019-04-20,0.21812852308483874,7.5549698772895235
225,flux,2021-10-23,0.3472771489332305,2021-11-13,2.761804679315687,6.952739441104684
226,fox,2020-07-14,0.030769489956968894,2020-08-16,0.2888182293737165,8.386513386397647
227,fox,2020-10-18,0.0008869718463208492,2020-12-01,0.3716082983002142,417.9629015189624
228,fox,2020-12-16,0.1491987665528753,2021-01-11,0.9613217434396378,5.443228490759339
229,front,2020-12-31,0.2570447243701469,2021-02-18,4.098377691161628,14.94422021772337
230,fsn,2021-01-06,0.16664077395649582,2021-05-03,2.317342645188317,12.90621628889755
231,ftm,2020-12-30,0.016397269836606148,2021-02-25,0.6572506223531245,39.08293020133405
232,ftm,2021-07-21,0.16162073449323114,2021-10-28,3.1614956320928376,18.56120074572019
233,fun,2017-11-29,0.024399599999999997,2018-01-08,0.191066,6.830702142658078
234,fun,2020-12-24,0.003448917319032418,2021-02-04,0.047170644911776465,12.676942805056873
235,fuse,2020-05-31,0.024038358703688825,2020-07-06,0.20908234212256,7.6978626411159725
236,fuse,2021-01-26,0.025497941770679343,2021-03-21,0.4369362966492924,16.13613987273809
237,fuse,2021-10-17,0.08061718814888606,2021-11-15,0.6231878015066339,6.73021009310959
238,fuse,2021-12-23,0.21512179632122044,2022-01-20,2.0160155522241827,8.371507614290572
239,fx,2021-03-01,0.11926936782482706,2021-04-20,1.0613577696455463,7.898829506704357
240,gala,2020-12-24,0.00023280401819943008,2021-02-28,0.0327200727120193,139.5477146188682
241,gala,2021-08-16,0.01858148227810929,2021-09-19,0.1171406479047104,5.304160569725536
242,gala,2021-10-28,0.07519356834312384,2021-11-26,0.7192389817668723,8.565166245134634
243,gas,2021-01-22,1.6857709523012476,2021-04-19,19.902924755285834,10.806422888065743
244,get,2018-08-06,0.036045317063609986,2018-09-30,0.5303876807652191,13.714468451733467
245,get,2019-07-19,0.032766785071824435,2019-08-22,0.3663699239817227,10.181137337051645
246,get,2021-01-22,0.3051530475365609,2021-04-02,9.091323704661812,28.792668885512494
247,gfarm2,2021-01-27,21.62245412691049,2021-03-18,277.4708748507027,11.832533866050522
248,gfarm2,2021-07-21,85.7305009202913,2021-09-04,1115.7332283455337,12.01442562878405
249,gfarm2,2021-11-30,461.2446816737117,2022-01-12,4789.017806588588,9.382814148036896
250,glm,2017-03-18,0.0284,2017-06-19,0.734556,24.864647887323944
251,gmt,2022-03-11,0.11723373319105394,2022-04-30,3.8349931009797515,31.712368672333625
252,gns,2021-12-01,0.4806654441206091,2022-01-10,4.9192813769574455,9.234314609317108
253,grid,2018-08-05,0.17035966075645226,2018-08-17,1.9854421900544932,10.654415025473076
254,grid,2019-03-05,0.012636585425644279,2019-04-06,0.2788505401993974,21.066921625323495
255,grid,2020-06-16,0.0470309930626343,2020-07-19,0.3948716056026417,7.39598698408866
256,grid,2021-09-30,0.2493157962437208,2021-12-17,2.2074265175849965,7.853937659959209
257,grs,2014-11-28,7.700669200210494e-05,2014-12-17,0.0009411765166219103,11.222009440376738
258,grs,2015-01-14,8.607395e-05,2015-02-18,0.0006265952967543959,6.279732099600354
259,grs,2017-01-11,0.00089407635,2017-02-04,0.007834915400000001,7.763139076433463
260,grs,2017-03-14,0.00393908852,2017-04-12,0.03134683327,6.957890032387492
261,grs,2017-05-13,0.0197069625,2017-07-13,0.3164393438966218,15.057235806716626
262,grs,2017-10-21,0.07498096606644677,2017-11-01,0.971382698595278,11.955057123890032
263,grt,2021-01-13,0.2763008107431417,2021-02-14,2.3440286014267273,7.4836110148290995
264,gto,2020-12-12,0.006393707369281412,2021-01-29,0.05616939900206599,7.7851063174914845
265,gto,2021-02-27,0.017617194103591475,2021-04-12,0.13129515098459899,6.452670965226687
266,gxc,2021-11-19,0.5524465446394113,2021-12-04,3.7101717985094025,5.715892848838573
267,gxt,2021-11-19,0.08156778901844111,2021-12-12,0.523067062129189,5.412666916972976
268,gxt,2022-02-16,0.054531747766090766,2022-03-04,0.459731418549,7.4305278554609755
269,hbar,2020-01-10,0.010093457964821322,2020-02-13,0.06932368994721677,5.868180378699775
270,hc,2019-05-10,1.0479387749032545,2019-06-26,6.340342894662981,5.05029897404867
271,hero,2021-07-13,0.005584062903045707,2021-09-10,0.12790534540873996,21.90542703932951
272,hive,2020-04-09,0.09510953402351832,2020-04-27,0.9156570272939504,8.627394736972743
273,hoge,2021-09-30,7.65971457518133e-05,2021-11-01,0.0007656192623222424,8.995401980159526
274,hoo,2021-03-18,0.2781738302652957,2021-05-06,3.5768915191279085,11.858475995806687
275,hot,2021-01-22,0.0006122425179673856,2021-04-06,0.028577171871137192,45.676228834959005
276,htb,2021-03-09,0.01000477766641031,2021-05-11,0.09532916519896814,8.528364185345461
277,htr,2021-02-10,0.19280186430916416,2021-04-18,1.823059500312959,8.45561136996903
278,hunt,2020-07-29,0.0024938258853453798,2020-09-16,0.11432791926218032,44.84438710577687
279,hunt,2021-02-02,0.07700011132248925,2021-04-03,0.7301417526868328,8.482346715433668
280,hydra,2021-02-03,1.4205275998914604,2021-04-04,47.773594489929934,32.63088087382478
281,ichi,2020-11-23,0.4003301508637784,2021-03-23,19.00196694787521,46.46574023184447
282,ichi,2022-02-22,16.902681093632822,2022-04-10,132.7104996511404,6.851446697478778
283,icx,2017-11-10,0.92917218314935,2018-01-09,13.164521786565082,13.168011080513686
284,icx,2020-12-24,0.3534906268293384,2021-02-20,2.300183721717234,5.507057180975095
285,idex,2021-07-21,0.029811860862368988,2021-09-12,0.6683894913227632,21.42025395222678
286,ilv,2021-06-23,30.980932838500586,2021-09-04,607.7427938310943,18.61667187360611
287,index,2020-11-06,1.3504068473546165,2020-11-17,12.84693066602701,8.513377906216592
288,index,2021-01-02,4.160729886902845,2021-02-03,33.81238028645937,7.126550198053966
289,inj,2020-11-27,1.0562791215532816,2021-02-20,17.11796883407083,15.205914217918538
290,inv,2021-09-22,108.33324013190878,2021-10-18,1452.6370895062162,12.408969285303897
291,ion,2021-11-29,1978.1638831977,2022-01-17,21814.34542723368,10.027572393026816
292,iotx,2021-07-21,0.016868725488478502,2021-08-13,0.11261856787866252,5.676175266209772
293,iq,2021-01-28,0.0035728081197737554,2021-04-03,0.040765670008564014,10.409980228981752
294,iris,2020-06-21,0.018857719513814455,2020-08-13,0.14272226538469493,6.568373539554556
295,jasmy,2021-08-23,0.01141435997747945,2021-11-03,0.274600060777584,23.05742076817012
296,jewel,2021-09-25,1.227295987829958,2022-01-05,21.25800773806489,16.321011352487357
297,joe,2021-08-12,0.028149901859797714,2021-09-23,4.4275343051437615,156.2841826303823
298,jst,2020-06-29,0.00511795082633611,2020-08-13,0.07686423613281078,14.018556985205956
299,kai,2020-05-12,0.0004449781575199996,2020-05-29,0.004582605330103535,9.298494999493474
300,kai,2020-06-30,0.0023111132127511475,2020-08-18,0.04298784755451498,17.600494046478268
301,kcs,2017-12-03,0.423941,2018-01-10,20.1674,46.57124222474354
302,kcs,2019-02-13,0.3469969382608556,2019-04-03,2.0997789714160158,5.0512896221507955
303,kcs,2021-01-22,1.051071676283558,2021-02-22,6.798033717838553,5.467716589867066
304,kda,2021-09-30,1.4007824734975138,2021-11-12,24.523141824629988,16.50674518606726
305,key,2021-01-05,0.001984652403928618,2021-04-05,0.027046302704039557,12.62772778270967
306,kin,2017-12-10,5.6598400000000003e-05,2018-01-07,0.00122572,20.656442584949396
307,kin,2020-10-16,4.1771548983947666e-06,2020-10-27,3.588972764304195e-05,7.591907294803448
308,kiro,2021-04-08,0.005834640319188397,2021-06-25,0.6410272089846557,108.86576274059394
309,kishu,2021-09-29,4.3222732884016065e-10,2021-10-29,9.668927626266651e-09,21.37000527526166
310,klay,2021-02-01,0.5150729090668896,2021-03-30,4.244706944083726,7.2409827217926725
311,klv,2021-01-06,0.003941488821924447,2021-03-12,0.145947801102975,36.0285969837447
312,kmd,2017-04-13,0.137388,2017-06-19,2.39,16.395988004774797
313,koda,2021-06-27,1.590557871515777e-05,2021-07-08,0.0004948484189538372,30.111626166877812
314,koda,2021-07-21,0.00030792661969301265,2021-09-07,0.0019311972544207641,5.271615154110647
315,koge,2021-02-28,5.2521511244739445,2021-05-18,58.627681703077755,10.162603724383484
316,koge,2021-08-13,6.811280177437032,2021-11-15,72.00088259867569,9.570829671224653
317,koin,2021-02-03,0.02312690378029404,2021-03-11,0.15678053290062555,5.779140622975007
318,koin,2021-10-08,0.13150860831919756,2021-11-15,1.5109022496381932,10.488998849192692
319,krl,2021-09-29,0.21501105110994356,2021-11-07,4.6750755933778425,20.743420020709976
320,kub,2021-10-08,0.7462707387927773,2021-12-28,15.46232344243217,19.719455605944255
321,lcx,2020-01-04,0.0002523395038448664,2020-02-17,0.0023795692291382767,8.430030545677823
322,lcx,2020-03-13,0.0005933946500987582,2020-05-26,0.01947961527337009,31.82741977894158
323,lcx,2021-02-08,0.013771531455440338,2021-03-23,0.1347151359439916,8.782146334260696
324,lend,2020-05-29,0.050057632800419735,2020-08-27,0.8273908203828989,15.52876442802867
325,lend,2020-12-24,0.7534376236387955,2021-02-13,5.30885240964588,6.046173754910584
326,lina,2020-12-09,0.00842082279040472,2021-02-12,0.10864547137063447,11.902001867849872
327,link,2017-11-29,0.14818260469886402,2018-01-08,1.4528740664515702,8.804619573289957
328,ln,2021-02-09,18.60653820340219,2021-04-02,330.77402033479433,16.777300469267978
329,loc,2021-01-22,0.5579403034895635,2021-06-28,11.005819835316432,18.72580178646711
330,loomold,2018-04-07,0.08815567866273924,2018-05-08,0.660759256380448,6.495368039855283
331,lpt,2021-02-26,3.2914404352437723,2021-04-05,39.74466869768233,11.075159638955684
332,lrc,2017-12-10,0.20880576742026702,2018-01-09,2.4041906881495323,10.51400518219679
333,lrc,2021-10-12,0.3694531198929548,2021-11-25,3.410250950192005,8.230537696312025
334,lsk,2017-04-07,0.2490710175633873,2017-06-11,3.909566988029642,14.696595397875537
335,ltc,2013-10-22,1.7158799999999998,2013-11-28,50.266000000000005,28.294589365223683
336,ltc,2017-03-10,3.7475075261972703,2017-07-04,54.94055714275195,13.660559520877626
337,ltc,2017-11-12,58.91611214722564,2017-12-18,360.661761688956,5.121615098900235
338,lto,2019-01-29,0.01589931046894441,2019-02-26,0.22191786738177924,12.957703877488521
339,ltx,2021-01-28,0.08907856055687939,2021-03-31,1.4187646269855232,14.927116672250206
340,luffy,2021-08-30,2.742567445328551e-11,2021-11-14,3.2753180419004902e-09,118.42525050676073
341,luffy,2022-04-19,1.0577405999661855e-11,2022-05-09,1.677166558307199e-09,157.5612349909624
342,lyxe,2020-07-17,0.21347885884219853,2020-09-01,1.5345532356578933,6.1883147773064495
343,lyxe,2021-01-22,1.4805889528285667,2021-03-13,25.237710576391486,16.045723952064154
344,magic,2021-10-07,0.020719494242474004,2022-02-20,6.001569285756947,288.65809761195845
345,mana,2017-10-31,0.009236807946886128,2018-01-09,0.2678142317850932,27.994240578031892
346,mana,2021-01-28,0.14689567032633186,2021-04-29,1.5497996064557724,9.550342314466176
347,mana,2021-09-30,0.6460456140156315,2021-11-26,5.1988865171438094,7.047243730715922
348,map,2021-03-09,0.012723872573074536,2021-04-10,0.25908175481567863,19.36186336571236
349,maps,2022-01-23,0.11836118984856385,2022-04-03,1.8092286144563516,14.285657543415647
350,matic,2021-01-12,0.026039878633699262,2021-03-14,0.4229744479804992,15.243334077337474
351,matic,2021-04-20,0.3266754095884679,2021-05-19,2.450046072959683,6.499940310922543
352,mbox,2021-07-21,0.8319287651047812,2021-08-27,9.77526708676676,10.75012512704206
353,med,2021-01-28,0.004470342373522422,2021-04-05,0.28572992370496186,62.91678753674967
354,meta,2019-01-29,0.0038335260886459056,2019-03-20,0.025718859571663026,5.708930362528862
355,meta,2021-02-01,0.008420544478792069,2021-04-02,0.4080173708688121,47.454986716885365
356,metis,2021-08-19,3.9896718916846647,2022-01-17,314.30452985277384,77.7795433774522
357,mft,2020-12-30,0.0023672388453171976,2021-04-03,0.03327246760852162,13.055391019938796
358,miota,2017-07-15,0.16151286675528645,2017-08-17,1.0486757962948452,5.49283129797782
359,miota,2017-11-05,0.35117046384067263,2017-12-19,5.248778961646219,13.946527405071317
360,mir,2020-12-24,0.9363256735121788,2021-04-12,12.39606987388088,12.239057973688729
361,mix,2021-02-02,0.0018325355909812923,2021-04-05,0.0168106327911814,8.17342772163
362,mix,2021-09-29,0.003762514702588336,2021-11-24,0.0502271668300934,12.34936094616209
363,mln,2020-07-19,10.13714955124754,2020-08-31,81.29596079982909,7.019607522691062
364,mmpro,2022-03-11,0.10818647991814342,2022-04-10,0.8242020468680619,6.618346095479524
365,mnw,2018-08-11,0.009927252452521854,2018-09-02,0.23043092982385016,22.211954256820878
366,mnw,2021-01-13,0.4189278919031522,2021-02-09,4.0487889904918966,8.664644127891814
367,mtl,2017-07-16,2.09,2017-09-07,13.53,5.473684210526316
368,mtl,2021-02-08,0.6373726819012803,2021-04-04,7.127811252417338,10.183113827776717
369,mtrg,2021-02-07,0.4892940650024366,2021-05-12,8.970126708723226,17.332792793386034
370,mtrg,2022-03-16,1.0349920824261327,2022-04-26,6.259702467570532,5.048067974488381
371,mvl,2021-02-02,0.002484832188960975,2021-04-03,0.06893622660569647,26.7428097204914
372,myst,2017-11-21,0.511233382401966,2018-01-09,3.8629553155786,6.556148421742313
373,ncr,2021-10-25,0.2242627398251528,2021-12-15,8.957637536634813,38.94260278643998
374,nct,2021-02-20,0.0012669772347185665,2021-04-02,0.016787888829896395,12.250347654135622
375,nct,2022-01-11,0.019015871006965883,2022-01-14,0.16156400410996566,7.496271564462212
376,near,2021-07-21,1.6921580553193036,2021-09-09,10.365184120839684,5.125423147238934
377,neo,2017-04-23,0.174703,2017-06-19,11.58,65.28392185594981
378,neo,2017-07-16,5.02,2017-08-15,47.90401386765125,8.542632244552042
379,neo,2017-11-29,32.5061197521549,2018-01-15,198.38136805361725,5.102892918816191
380,nest,2020-06-22,0.016317902013852,2020-08-13,0.1889336492440767,10.578305169604157
381,nex,2021-08-28,2.9932880473337906e-37,2021-10-27,1.7240406244910296,5.759688333458863e+36
382,nftx,2021-01-06,19.989346090795763,2021-02-16,437.8192744101752,20.902631152690493
383,nftx,2021-06-23,36.03965371082784,2021-08-29,259.7859787625204,6.208337262254816
384,ngc,2021-08-21,0.04560354196545768,2022-01-01,2.0747690626657267,44.495787678888114
385,nif,2021-01-23,0.2780979031854052,2021-05-18,54.123490787809075,193.6202764129633
386,nim,2020-04-29,0.0005150964058271238,2020-07-20,0.010666596797823972,19.707961999260945
387,nkn,2021-02-08,0.04036870940128783,2021-04-10,1.3176784755353377,31.641085015546754
388,noia,2020-07-03,0.01524185718274058,2020-08-16,0.1382141681005235,8.06806607904928
389,noia,2020-11-05,0.043353536370124936,2021-01-05,0.2796271522272667,5.449927171799501
390,npxs,2018-04-10,0.0007040415083904949,2018-05-20,0.012555527141312882,16.833504121107854
391,npxs,2021-01-23,0.00032023501535325934,2021-03-27,0.00846050981653733,25.419689949284056
392,nrg,2018-10-10,0.2497290094015949,2018-11-13,1.820216928789678,6.28876846607174
393,nrv,2021-03-25,0.37439088588950414,2021-05-04,5.866346662879722,14.66904239386609
394,nrv,2021-07-21,0.4420100328591027,2021-08-26,3.225060097433989,6.296350439316894
395,ntvrk,2021-06-27,0.14841709509017845,2021-08-30,2.7557719281566357,17.5677527678481
396,nu,2021-09-22,0.25565349621880584,2021-10-17,1.565787668400518,5.124647976886689
397,nuls,2017-10-31,0.11782005536511282,2018-01-10,8.531788409277048,71.413719233435
398,nxm,2020-07-23,7.435910951705256,2020-08-31,75.25108379688746,9.119954943735623
399,nxs,2016-04-10,0.00295685,2016-05-25,0.0187056,5.326191724301198
400,nxs,2017-11-12,0.8558514120547114,2018-01-05,13.751980730624465,15.068187230782243
401,nxs,2021-01-03,0.19753840401983425,2021-02-22,1.955385268105144,8.898760080641381
402,ocean,2020-06-28,0.06689727275426939,2020-08-18,0.6341248662531069,8.479083976747573
403,ogn,2021-01-13,0.1386471875489867,2021-04-09,3.1012786637992664,21.368132514073
404,olt,2021-02-26,0.004106211865245542,2021-04-10,0.03378872465527556,7.2286851638755065
405,olt,2022-03-16,0.013109020595411105,2022-04-25,0.10107200999853752,6.710111465834329
406,om,2021-01-13,0.05201023810230857,2021-03-16,0.7333288009803116,13.099700899999561
407,omg,2017-07-19,0.581282,2017-09-07,12.94,21.261140031860613
408,omi,2021-01-18,3.0020805277760968e-05,2021-03-20,0.013092630223310048,435.11855518775513
409,one,2020-12-31,0.004107048805703268,2021-03-29,0.2029758446699219,48.42133738173717
410,ont,2018-03-24,1.3759135244612413,2018-05-04,10.078317808972225,6.32481920542102
411,orbs,2021-02-01,0.01456927054127007,2021-03-17,0.27629785230296183,17.96442594845766
412,orca,2021-08-16,2.2882691857146384,2021-10-02,17.765813893648374,6.7638653723775155
413,orn,2021-01-13,2.1568128725447973,2021-03-23,27.747593954066712,11.8650910365384
414,ousd,2020-12-02,0.14553754548917242,2021-02-09,1.0361025014471368,6.11914233515928
415,ovr,2021-01-12,0.03004587306921088,2021-03-25,2.9063446246771663,95.73024371707824
416,pac,2017-11-12,2.647307480307093e-07,2018-01-06,0.00031448979603220135,1186.9609692929205
417,pac,2018-02-26,2.034902785430969e-05,2018-03-10,0.01659284777534436,814.4123083491768
418,pac,2020-07-21,8.569277307721988e-05,2020-09-12,0.0008319647073007731,8.708691613364747
419,pac,2021-02-06,0.00116125295651721,2021-03-22,0.017065165076797853,13.695476107099964
420,people,2021-11-22,0.0017035478223600936,2021-12-24,0.16849951496368018,97.91093913069086
421,perp,2020-12-24,0.9395027308497788,2021-02-06,7.894168535776777,7.402496636317932
422,phb,2017-12-07,0.032452800000000004,2018-01-08,0.783355,23.138286989104177
423,phb,2021-09-29,0.00673093171773341,2021-11-10,0.9151944162772848,134.9684594431556
424,pla,2021-06-23,0.10939360399717614,2021-08-31,1.3060678104437216,10.939160633901741
425,plu,2020-06-10,1.7466322118709698,2020-08-12,17.081001731009763,8.77939237288703
426,pnd,2014-04-11,6.89298e-07,2014-06-08,1.94554e-05,27.224947700414045
427,pnd,2014-07-13,2.23517e-06,2014-08-21,2.56454e-05,10.473579190844545
428,pnd,2014-09-08,6.578189999999999e-06,2014-10-15,5.0984650976587704e-05,6.750559192815609
429,pnd,2015-05-13,2.9702333357296603e-07,2015-07-29,2.739086354298518e-06,8.22178847482917
430,pnd,2015-08-16,5.140278443215796e-07,2015-10-10,4.8838099269727915e-06,8.501061043528692
431,pnd,2017-04-21,3.3374133585e-06,2017-06-10,5.8749076e-05,16.603176379207866
432,pnd,2017-10-21,1.3544358663882974e-05,2018-01-12,0.00241504286840914,177.30618107072348
433,pnd,2019-10-02,3.5421223174731356e-06,2019-11-07,9.27500403897404e-05,25.184877899955197
434,pnd,2019-12-21,1.1466758961044033e-05,2020-02-13,0.000103275394310206,8.006502592499155
435,pnd,2020-03-11,7.210987934873822e-06,2020-06-09,0.00017075472590607577,22.679796367467315
436,pnd,2020-12-16,1.4750088841065778e-05,2021-03-15,0.0005995202748685309,39.64519755293976
437,pnd,2021-03-23,4.292391818962829e-05,2021-05-21,0.0008333902389079563,18.415521090740697
438,pnd,2021-07-21,6.847525532412938e-05,2021-08-14,0.000925559104533786,12.51669446360774
439,pnd,2021-08-23,4.810193941297789e-05,2021-09-16,0.0006760382910536341,13.054283451016929
440,pnd,2021-10-07,8.999795313701361e-05,2021-11-12,0.000651544660172545,6.239549761544334
441,pnd,2022-01-27,6.220044211957204e-05,2022-02-12,0.0006112605489502126,8.82727016272884
442,pnk,2020-06-20,0.01868024605062489,2020-08-14,0.1744563967337378,8.33908452067214
443,pny,2018-06-23,0.00012169854346067459,2018-07-28,0.0027300099849380146,21.4325608779384
444,pny,2018-09-23,0.0005273388344606591,2018-11-09,0.004964922234884481,8.415051406108566
445,pny,2019-02-20,0.00012526866723475054,2019-02-23,0.3027181194185554,2415.5509708127474
446,pny,2019-06-24,0.004385709320797661,2019-07-04,0.030732044704412813,6.007314542867003
447,pny,2021-01-30,0.00683419880221783,2021-02-22,0.17681779521759244,24.872498054960246
448,pny,2021-05-17,0.10677510866321437,2021-08-10,1.1661186216501331,9.92125904856961
449,pols,2020-12-24,0.3394015466751281,2021-02-17,6.474662900253422,18.07670416850194
450,poly,2021-01-28,0.08859914332438237,2021-03-31,0.6657379939571786,6.514045497254468
451,pond,2021-01-04,0.021336842225392543,2021-04-06,0.2633018352015631,11.340243810221033
452,powr,2017-11-12,0.14849374473678545,2018-01-07,1.8910066416440972,11.734587877731993
453,pre,2019-12-31,0.002760621388941657,2020-02-15,0.05179112473768152,17.76067647129864
454,pre,2020-12-09,0.011157833468395734,2021-01-31,0.09037420678804718,7.099619611999921
455,pre,2021-07-18,0.022091538677290003,2021-10-06,0.4473646537606823,19.250497726560397
456,pro,2017-11-28,0.30739643971984804,2018-01-05,5.152954092209645,15.76321982423054
457,pro,2020-04-22,0.038282410573974086,2020-05-14,0.2487486535017037,5.497727018026732
458,prom,2021-01-26,2.3200004774546485,2021-02-18,25.91288442992088,10.169344438390283
459,prq,2020-10-08,0.01620083226686416,2020-11-10,0.2124878251433664,12.11585859560878
460,prq,2020-12-09,0.11595584971172213,2021-02-22,1.743857424031837,14.038977579546366
461,qanx,2021-07-23,0.006316736421133652,2021-10-06,0.0654938885119351,9.368311125475305
462,qkc,2021-01-14,0.0057538435703848026,2021-04-03,0.05997698148828875,9.423811623414997
463,qnt,2018-08-23,0.21577333584525085,2018-10-29,3.293664472911724,14.264464721785119
464,qnt,2019-05-23,1.8603993107060404,2019-07-09,13.428158895482616,6.217890706692691
465,qrdo,2021-10-07,1.4051788063196549,2021-11-20,9.30540995307772,5.622224809559855
466,qsp,2017-12-07,0.0980565085649915,2018-01-08,0.7802368533712897,6.957012387955375
467,qtum,2017-12-10,11.2272,2018-01-06,100.22399999999999,7.926891834117144
468,quack,2021-09-29,4.808151412369282e-11,2021-11-07,1.1613775187015238e-08,240.5434579938154
469,quick,2021-04-08,149.22233074138248,2021-05-01,1439.315562556093,8.645443516430351
470,raca,2021-09-29,0.0003739604547025484,2021-11-15,0.011315722173460264,29.259141123520386
471,ramp,2020-10-31,0.011796464128906902,2021-04-10,0.9470599262341824,79.28337270262526
472,rari,2020-07-22,0.3790356170352017,2020-09-11,9.752100912964938,24.72871908251103
473,rari,2021-01-01,1.6081456709265416,2021-03-30,44.63499568157518,26.7555674765822
474,ray,2021-07-21,2.5246216794696403,2021-09-13,16.637454226364884,5.590078173558264
475,rdpx,2021-07-20,1.9141781999889649,2021-11-26,98.23141467697785,50.317800337264394
476,rdpx,2021-12-14,29.622632616310128,2022-01-17,299.461320363141,9.109206843359985
477,reef,2021-01-13,0.00712280516717028,2021-03-15,0.050592254092357083,6.102855252245539
478,req,2017-11-02,0.033292094852591075,2018-01-06,1.0592608582386531,30.81718852264451
479,req,2021-07-21,0.042393350346171185,2021-08-13,0.3944669849072308,8.304925930272875
480,rev,2017-11-21,0.168658555007386,2018-02-18,3.8491490250971214,21.822139232300177
481,rfox,2021-01-28,0.02081811882845033,2021-04-10,0.3385972015484948,15.264543609279587
482,rfox,2021-10-11,0.03487324768612809,2021-11-27,0.3325106871743101,8.534835704636036
483,rfr,2020-10-03,0.00027436018347837303,2020-10-13,0.002220461412968316,7.093234903173726
484,rfr,2020-11-22,0.00041150505162319286,2020-12-07,0.004880993233248812,10.861320326434878
485,rfr,2021-02-15,0.004064183864715591,2021-04-05,0.04264420024744863,9.492684796491817
486,rgt,2021-01-02,0.3217058930648216,2021-04-16,27.374576262724077,84.09193288917552
487,rif,2019-06-12,0.009147499848474423,2019-08-24,0.15765390595974593,16.23464428217932
488,rise,2021-10-15,2.4799140952553083e-08,2021-12-05,0.0011801503978476624,47587.35800423826
489,rlc,2017-11-29,0.505407365270881,2018-01-12,4.053524849274957,7.020312183425358
490,rlc,2021-04-25,1.8839229254328285,2021-05-10,12.959429493578154,5.878959493844868
491,rly,2020-12-12,0.05345478225339649,2021-01-16,0.4128334279706115,6.723040120407193
492,rmrk,2021-10-13,7.942450177537383,2021-12-04,63.43170410108431,6.986415109090655
493,rndr,2021-02-14,0.1734249258917485,2021-03-28,2.4901008142590118,13.358379001489832
494,rndr,2021-10-15,0.8881421943316823,2021-11-21,7.825111110715951,7.810651223033339
495,rook,2020-12-24,71.7823312675147,2021-02-15,807.8421147389308,10.254052361831302
496,root,2020-12-12,507.42606172033175,2021-02-17,11154.159363238789,20.981841700094645
497,rpl,2018-08-28,0.008847178067782764,2018-11-07,0.7396328133266072,82.6009864003981
498,rpl,2018-12-25,0.04328745257939631,2019-02-06,0.9604983734063056,21.188840326064312
499,rpl,2020-03-23,0.3217941912596371,2020-05-29,3.209078532983612,8.972456371639076
500,rune,2019-09-28,0.008512638584272347,2019-12-12,0.1188432890279537,12.960805201753121
501,rune,2019-09-28,0.008512638584272347,2019-12-12,0.1188432890279537,12.960805201753121
502,rvn,2019-02-06,0.010124296912195116,2019-04-09,0.06864303129579898,5.780029456970561
503,rvn,2021-01-01,0.0126349310972638,2021-02-21,0.22945584022138,17.160434628018713
504,safemoon,2021-03-15,5.645537204650418e-08,2021-05-12,1.0671499790272866e-05,188.02540898113992
505,sai,2022-03-08,1.001423929656548,2022-06-15,6.475621556602461,5.466413838166783
506,saito,2021-09-29,0.009582234139400046,2021-11-16,0.08482848718310777,7.852683617311294
507,samo,2021-09-22,0.002871533764473487,2021-10-30,0.2253565803144078,77.47951610477695
508,san,2017-10-28,0.19775341737893865,2018-01-06,7.942523152747862,39.163771923740036
509,sand,2021-01-01,0.03566929378773852,2021-03-31,0.8200230966695176,21.98960841639663
510,sand,2021-10-01,0.6667309816910545,2021-11-29,7.5136387440751715,10.269370931313333
511,sbd,2017-11-21,0.9585118362332399,2017-12-19,14.1765111281915,13.790126310700927
512,sc,2016-04-26,8.421408000000001e-05,2016-06-25,0.0011575094999999999,12.744845280029178
513,sc,2017-04-07,0.0005829070749127013,2017-06-22,0.020171319583522997,33.604691642392474
514,sc,2017-11-05,0.003530015074238532,2018-01-06,0.09286775357527474,25.30803314495972
515,scp,2020-01-16,1.0824506245055831e-05,2020-02-20,0.01976218870099894,1824.6896207183083
516,scp,2020-06-25,0.010781543885173965,2020-08-19,0.10820511178897227,9.036142591578974
517,scp,2021-09-11,0.05016151330787842,2021-10-16,0.34815961109703425,5.940771682068688
518,scp,2021-10-28,0.2180310351657468,2022-01-10,2.954400674676624,12.550367599872624
519,scrt,2021-09-08,1.6386920478907332,2021-10-29,9.957622682672618,5.076567403551948
520,sdao,2021-07-21,0.96049037768329,2021-09-07,6.548268064329172,5.817630052810777
521,sero,2019-06-02,0.04746468646874394,2019-07-14,0.4832893023281731,9.182081422710436
522,seth,2020-04-01,0.012815489211807769,2020-06-09,255.78760408998173,19958.253982618742
523,sfund,2021-04-04,0.7190560426185161,2021-05-13,5.324895325397449,6.405396811639742
524,sfund,2021-07-21,0.3171778828178331,2021-08-22,4.70346614112005,13.82911134702738
525,shib,2020-08-28,8.23866675439413e-11,2020-09-04,5.428842392779231e-10,5.589467148775903
526,shib,2020-12-11,5.70041420229866e-11,2021-02-01,2.9099589964068003e-08,509.4820269434764
527,shib,2021-02-24,5.864411937505095e-09,2021-05-11,3.531845666311842e-05,6021.506099417021
528,shib,2021-09-08,6.056716085120564e-06,2021-10-28,8.190452229022356e-05,12.522925813121251
529,shr,2019-10-25,0.0004129874762144379,2019-11-22,0.00465370964097497,10.268403787040256
530,shr,2020-06-10,0.003183992591582877,2020-08-01,0.04873686536991579,14.306840065757486
531,six,2019-03-02,0.004273613709810975,2019-04-14,0.032893813502712296,6.696955255267378
532,six,2021-03-27,0.02878329282335922,2021-04-03,0.1810667775677773,5.290690181938867
533,six,2021-10-31,0.0585417839599169,2021-11-30,0.4194730721406665,6.165361964846791
534,skl,2021-01-23,0.11373457216451703,2021-03-13,0.883695396919753,6.7698045554828115
535,slp,2020-07-05,0.0032848958293838705,2020-07-08,0.1938234219562456,58.00443485070879
536,slp,2021-01-18,0.012326242103298682,2021-03-15,0.10752731736352464,7.723446810666551
537,slp,2021-04-25,0.03347776125481327,2021-05-02,0.3645333108709272,9.888819837632255
538,snow,2020-05-09,0.0014810002712211106,2020-09-01,0.61690073898124,415.5432991262011
539,snow,2020-09-18,0.13499996501862915,2020-11-01,0.842916517149404,5.243827670867076
540,snow,2021-01-06,0.11549447800908187,2021-02-20,1.0655908679907984,8.226336066967686
541,snow,2021-05-07,0.3240277137707109,2021-06-04,3.1683403328913564,8.777991814408022
542,SNT,2017-11-12,0.0268175579106582,2018-01-03,0.6849183837776491,24.539923734272595
543,sol,2020-06-16,0.5703312716454458,2020-09-01,4.794461849472079,7.406450930947061
544,sol,2021-01-07,1.9231854639663053,2021-02-25,17.471803640467492,8.08482513404313
545,sol,2021-07-21,23.85844609696007,2021-09-09,189.3444533132092,6.936160324260789
546,solve,2019-04-12,0.0474142061235593,2019-06-06,0.5120845223312109,9.80023402683874
547,solve,2021-09-30,0.06431367904245966,2021-10-24,0.4590268441055574,6.137312791614821
548,soul,2021-01-22,0.09535428384425923,2021-04-01,0.8237114184248868,7.638431177043317
549,soul,2021-10-19,0.5839473843186447,2021-12-01,3.5874072863888093,5.143374185286625
550,spell,2021-08-05,0.0003211112502796533,2021-11-03,0.034377455776817466,106.05777435975354
551,sprt,2022-01-27,0.33482512656938473,2022-03-07,3.154971175662399,8.422743173393842
552,srm,2020-12-28,1.002864878309683,2021-02-25,6.9583443917037675,5.9384665294411105
553,starl,2021-07-02,1.9999086478742657e-07,2021-08-24,2.7731252040439757e-05,137.66259376354887
554,starl,2021-09-30,8.870854866909925e-06,2021-11-25,8.55160891552391e-05,8.640118166540107
555,steem,2016-06-22,0.17969932200000002,2016-07-20,4.32726655893,23.080594800073865
556,steem,2017-04-07,0.15254547033313196,2017-06-06,2.6641142926628856,16.464394628335654
557,steem,2017-11-12,0.8303122226339715,2018-01-03,8.191466446138957,8.865525549116263
558,step,2021-07-27,0.16888728874276138,2021-09-13,1.3329284793985994,6.892414457720576
559,stmx,2021-02-26,0.009050471953449298,2021-04-07,0.09508927676585904,9.506554492953134
560,strax,2017-02-24,0.07358007201,2017-06-06,10.807008035487716,145.87411605168006
561,SUKU,2021-02-08,0.17576382850084102,2021-03-21,1.0600403847808089,5.031049697894676
562,sure,2020-02-01,0.010049665019858055,2020-02-19,0.06652961575683354,5.620082920711443
563,sure,2020-10-17,0.0009075353019150481,2020-11-25,0.007815671605864645,7.611975302087201
564,sure,2020-12-29,0.0005627030639355693,2021-01-27,0.010347319530989245,17.38859639153135
565,sure,2021-02-10,0.0011125682527091624,2021-04-16,0.00911884313559171,7.196210087234509
566,sushi,2020-12-24,2.203266714133427,2021-03-14,23.053971169362196,9.46354080578466
567,swap,2020-07-10,0.04309175601906343,2020-08-20,1.4779008506182059,33.29660304315273
568,swap,2021-01-28,0.5364293271208564,2021-05-04,4.829343949606095,8.002758994416524
569,sxp,2019-08-31,0.20948199822856456,2019-10-21,2.112741663677687,9.085552369862764
570,sxp,2020-06-29,0.4476496267826283,2020-08-14,4.302141440451082,8.610510504323807
571,sylo,2021-02-10,0.0010996234690528487,2021-05-12,0.013104601090296243,10.917353038657659
572,syn,2021-09-22,0.4245317555118108,2021-10-24,4.776270994480768,10.250680149291892
573,sys,2016-01-19,0.00032977411691475936,2016-03-17,0.01203397343802794,35.49156443996636
574,sys,2017-03-18,0.010258636241633258,2017-06-23,0.24646203726072835,23.02483443759281
575,taboo,2021-08-12,0.00022515539555601128,2021-08-30,0.0014799304464302692,5.572929077607252
576,taboo,2021-09-23,0.0007508900451654604,2021-11-03,0.04169198899193608,54.52342751161277
577,tel,2020-12-10,0.000148605730331056,2021-05-11,0.060352127641866836,405.1224793109765
578,tfuel,2020-04-22,0.0016283763284972127,2020-05-25,0.018125215270710544,10.13085160568371
579,tfuel,2021-01-22,0.025072011213866045,2021-03-24,0.4790263408746126,18.106019728073818
580,tifi,2022-04-21,1.3577537292955398e-08,2022-06-26,7.922888722255445e-07,57.35291445942981
581,time,2021-11-27,44.61082572610576,2022-01-12,463.66855677093866,9.393633142271227
582,time,2021-11-27,44.61082572610576,2022-01-12,463.66855677093866,9.393633142271227
583,tlos,2021-01-02,0.01697348970274992,2021-03-04,0.3727358721234483,20.95988442276902
584,tlos,2021-07-21,0.1175406032504836,2021-11-24,1.1415883973507066,8.712289760143031
585,tomb,2021-09-08,0.13678328240163706,2021-10-28,3.8588404892123913,27.211345871066825
586,tomo,2018-04-02,0.3474007788589339,2018-05-04,2.091290083033753,5.0198197882652
587,ton,2021-02-24,3.705481220345193,2021-04-05,24.686912598759374,5.6622689822887855
588,tone,2020-11-04,0.000416977724727235,2020-12-06,0.018036630306799903,42.25562071354896
589,town,2021-11-03,0.17813997843438364,2021-11-30,2.1113109872829465,10.851977337364673
590,tpt,2021-01-11,0.0003855391416318698,2021-02-22,0.06836879521450998,176.33295489823857
591,trac,2021-09-22,0.38339784633198654,2021-11-08,2.47553236873948,5.4568238773983655
592,trb,2019-11-10,0.18226510227875192,2019-12-12,7.140384772353532,38.17581963349845
593,trb,2020-07-15,10.61548597721761,2020-08-30,75.21103946976861,6.085030269097669
594,tru,2021-07-21,0.1172532180858708,2021-08-12,0.7374661364061135,5.289517238375732
595,trx,2017-11-12,0.0018043416345783466,2018-01-05,0.23167275596197776,127.39738967510826
596,tt,2021-01-28,0.0046038141213053975,2021-04-03,0.03723373711512058,7.087584801221965
597,tvk,2021-01-13,0.07111426449588026,2021-03-16,1.1568865311275276,15.267995448290792
598,twt,2020-07-19,0.003244298379708452,2020-08-16,0.05750706736558056,16.725579042069622
599,twt,2020-10-03,0.021279097653404702,2020-10-12,0.1671180848850164,6.853626483934912
600,twt,2021-01-03,0.12261582994054165,2021-02-20,0.8764178657501391,6.147673071047417
601,ubsn,2019-11-05,7.058655817106531e-07,2019-11-15,6.208648705458606e-06,7.79579464749089
602,ubsn,2020-12-23,7.826840722928276e-06,2021-11-15,0.0006479204247196004,81.78185894617161
603,ubt,2020-01-04,0.015917984635979297,2020-03-08,0.2690602954822449,15.902912123315536
604,ufo,2021-07-21,3.654431414105765e-07,2021-08-29,6.766072574612789e-06,17.514706688696847
605,ufo,2021-09-22,2.112351146530237e-06,2021-11-26,5.321537365583565e-05,24.19248456547937
606,uft,2020-10-21,0.14344822944649804,2020-12-01,0.8950038387046166,5.239211471330336
607,uft,2021-01-24,0.3727371639923637,2021-03-14,3.8514281507951464,9.33282570898686
608,uma,2020-07-30,3.9349196506627386,2020-09-02,25.021492310408497,5.358831826767862
609,unfi,2021-01-03,4.871806650107367,2021-03-02,42.21746526257244,7.665669287520274
610,unfi,2022-05-13,1.7586873907534302,2022-06-08,23.078969110248558,12.122837652438855
611,Uni,2020-12-12,2.969937981631195,2021-03-08,34.621393833045,10.65727838331146
612,upp,2021-01-22,0.022129435418920117,2021-04-03,0.3707247909608664,15.752564353445093
613,uqc,2020-03-15,0.1804976732912548,2020-06-02,2.3820103658309817,12.196903441449466
614,ustc,2022-06-19,0.006502223653732657,2022-06-30,0.08182226999064855,11.583736633494263
615,veri,2019-09-24,1.2020847396932477,2021-02-04,31.489018319042284,25.19533987851619
616,veri,2021-09-02,1.0239229664654485e-35,2021-09-27,32.57530647479374,3.181421605107924e+36
617,veri,2021-11-23,14.310069515067509,2021-12-28,188.86610835472842,12.198126546895216
618,vet,2021-02-26,0.039457395679779385,2021-04-21,0.2607873694036083,5.609340654919434
619,vgx,2017-10-17,0.5672608296243729,2018-01-06,12.47431208180434,20.990434435715482
620,vgx,2020-12-23,0.13913950746549786,2021-02-26,7.002168591027539,49.32480507208819
621,vid,2021-02-08,0.08183762342446647,2021-03-31,0.9821124274092424,11.00074472245276
622,vite,2021-02-08,0.025106629363748228,2021-04-10,0.3270065062952744,12.024707600433338
623,vra,2021-03-01,0.002106982915347417,2021-04-12,0.05120718692972226,23.303560582634713
624,vtho,2020-12-24,0.0006411242199811863,2021-04-17,0.024886624754766173,37.817165190696535
625,vxv,2018-12-13,0.02283455066832693,2019-01-02,0.30047189974723404,12.158651734015024
626,vxv,2019-01-24,0.021200231166610226,2019-02-15,0.3954037527651508,17.650917042258513
627,vxv,2019-05-06,0.08117735507131353,2019-06-27,0.7433791140515471,8.157469018280969
628,vxv,2019-12-03,0.02417779550748744,2020-01-19,0.21809856007187586,8.020613976337692
629,vxv,2020-12-11,0.1577716948190638,2021-01-27,1.028889811004873,5.521384030163505
630,waves,2017-04-08,0.383264,2017-06-09,6.47,15.881314185522251
631,waves,2022-02-22,8.626025028195139,2022-04-01,54.59337387393527,5.3289143835649275
632,waxp,2021-02-02,0.03948066367409411,2021-04-02,0.33411613547452884,7.462779102007969
633,whale,2020-07-20,0.1510567893763514,2020-09-20,12.293842767399445,80.38556908402093
634,whale,2021-02-08,7.037192957785948,2021-03-14,49.34845458073161,6.012519747114863
635,wild,2021-07-01,0.07985571546036101,2021-08-31,2.8014093282840347,34.080886973889875
636,win,2021-02-24,0.00019599399689174016,2021-04-06,0.002681117061830357,12.679587662632885
637,wnxm,2020-07-28,10.142646320315023,2020-08-31,75.82916960963489,6.476270710312976
638,woo,2021-01-08,0.0242685474955962,2021-05-10,1.3395597617637782,54.197360369707184
639,wrld,2022-02-03,0.08683920629107332,2022-02-20,0.5931519726007196,5.830462851221303
640,wrx,2021-02-12,0.1765830017332102,2021-04-08,4.096510194400049,22.19877991761204
641,wwy,2022-03-18,0.005110461424248834,2022-05-11,0.06571083127189838,11.858101415285986
642,xava,2021-07-21,0.5247027861875548,2021-09-20,4.836299128768481,8.217216405326553
643,xava,2021-10-09,2.9762299528136262,2021-12-04,18.402151758453762,5.1830409780860505
644,xcad,2021-07-23,0.5255873497667788,2021-12-05,8.340246270554617,14.868430384132099
645,xcm,2019-05-04,0.012351227165751471,2019-06-12,0.11938741104434684,8.666036373729273
646,xdata,2020-03-13,0.005891693731638908,2020-05-08,0.08406906248877691,13.269082256825186
647,xdb,2021-01-18,0.013165039384584564,2021-03-14,0.10627004627220664,7.072140399112076
648,xdb,2021-06-27,0.02492943809009957,2021-11-21,0.8203273781198832,31.905971452508048
649,xdc,2020-04-22,0.0006811793270847138,2020-05-29,0.00482120248147917,6.077728712221457
650,xdc,2021-01-16,0.005821976365903165,2021-04-16,0.13144789490581255,21.577881915778093
651,xec,2021-07-24,1.9395461987188698e-05,2021-09-05,0.00033264951509427563,16.15089412739954
652,xem,2016-05-26,0.0014820387565986609,2016-06-28,0.012273965714707622,7.281811565358029
653,xem,2017-03-25,0.012608708303047387,2017-05-23,0.2678041298929906,20.239616577398753
654,xem,2017-11-12,0.18343928516829755,2018-01-07,1.8685388274619263,9.186143201264786
655,xido,2022-03-03,5.585347602620066,2022-03-19,81.56188075348024,13.602829860619572
656,xki,2021-11-09,0.033356538264391354,2021-11-27,0.48794663523204995,13.628215654888294
657,xlm,2017-04-07,0.0027660000000000002,2017-05-21,0.06612799999999999,22.907447577729567
658,xlm,2017-11-05,0.0267741,2018-01-03,0.8755629999999999,31.701864861937466
659,xmon,2021-08-25,1274.641298589372,2021-09-27,13203.016882902302,9.358221483576518
660,xmon,2021-08-25,1274.641298589372,2021-09-27,13203.016882902302,9.358221483576518
661,xmr,2016-08-02,1.4117221078143478,2016-09-05,13.860164850800876,8.81791301140663
662,xno,2017-07-16,0.026179,2017-08-28,0.166918,5.376026586195041
663,xno,2017-11-02,0.0881898,2018-01-02,33.6937,381.0589229139878
664,xpr,2021-09-22,0.006046114676547687,2021-10-20,0.04713684126745014,6.796220182572709
665,xprt,2021-04-24,2.51060688276233,2021-05-16,15.552552296655287,5.194738174039966
666,xrd,2021-10-21,0.10147160304644393,2021-11-15,0.6218228917405018,5.128048370891421
667,xrp,2013-10-29,0.00593466,2013-12-02,0.0575158,8.691507179855291
668,xrp,2014-10-26,0.004543999999999999,2014-12-18,0.027913,5.142825704225353
669,xrp,2017-03-01,0.005376,2017-05-17,0.405379,74.40531994047619
670,xrp,2017-11-13,0.203654,2018-01-07,3.39845,15.687371718699364
671,xvg,2015-02-06,2.2345876097621183e-06,2015-02-19,3.3220481039725926e-05,13.866492991636338
672,xvg,2016-01-19,7.57231080577081e-06,2016-04-11,0.00022819536,29.135498377337306
673,xvg,2017-03-20,1.036119e-05,2017-06-06,0.006659458199999999,641.7310183482786
674,xvg,2017-11-23,0.00542864143103544,2017-12-24,0.261873816746146,47.23929155626644
675,xvs,2020-12-30,3.2864714315873926,2021-02-20,94.5736400923444,27.776650599595982
676,xyo,2021-01-30,0.00021008419628018628,2021-04-05,0.007909821627336416,36.650721793405154
677,yfi,2020-07-19,790.9370799734231,2020-09-13,43337.7040319802,53.79285916578399
678,yfii,2020-08-04,119.76973918898176,2020-09-02,8548.45689121337,70.37409623748924
679,yld,2021-01-14,0.14607339870514116,2021-02-16,1.2097513413702856,7.281804572865788
680,zec,2017-04-23,66.29,2017-06-20,401.35,5.054457685925478
681,zig,2021-11-22,0.020934113638765062,2021-12-01,0.1779402478461798,7.500013466855182
682,zmt,2021-02-05,0.3133429788519212,2021-04-16,5.3146535421217225,15.96113811643218
683,zmt,2021-11-14,0.2013458269937923,2022-01-01,4.416243208005324,20.933621738986826
684,znn,2019-05-25,0.8346198448482958,2019-06-30,7.123320819168353,7.534808827200988
685,znn,2019-08-24,0.2337186445298273,2019-09-17,2.555385741735769,9.933598159772185
686,znn,2019-11-25,0.5464074222982503,2020-01-17,4.538787088695691,7.306598526068786
687,znn,2020-12-28,1.7857713368683206,2021-02-09,18.84584942117295,9.553338510977907
688,znn,2021-09-30,7.810870968988656,2021-11-02,70.26505769240443,7.995803153243265
689,zrx,2017-11-17,0.18412868209463398,2018-01-13,2.4969388297045083,12.560835831221517
