,last_calculation,market,prob_last_slope,prob_macd,prob_macd_diff,prob_stochastic,prob_rsi,prob_corr_btc,avg,logreg_proba,rf_proba,logreg_rf_combine
268,2024-03-14 11:27:21.599051,spellusdt,0.6125018003744779,1.0,0.6457528260319982,0.6329404060248854,0.35330740188602733,0.8380057803468209,0.6804180357773683,0.9877990150030053,1.0,0.9938995075015027
302,2024-03-14 11:27:21.599051,vetusdt,0.5778482634386477,0.9324088031353632,0.6265520190879216,0.6202913019449843,0.5354054292496672,0.8009352432816385,0.6822401766897038,0.9821602575618299,1.0,0.991080128780915
3,2024-03-14 11:27:21.599051,aceusdt,0.5347904274450132,0.7418636782315013,0.5852058665231432,0.7070965719063546,0.5481141214049673,0.8380057803468208,0.6591794076429668,0.9764149373445573,1.0,0.9882074686722786
275,2024-03-14 11:27:21.599051,stxusdt,0.5163139510992397,0.9234916734916735,0.572861981371719,0.5797405713428808,0.4373716970342731,0.8009352432816385,0.6384525196035707,0.9736756283129235,1.0,0.9868378141564618
74,2024-03-14 11:27:21.599051,cotiusdt,0.5052805605439775,0.8733762566361686,0.6869748432462621,0.5867863570328932,0.506726835251051,0.6830871439677716,0.640371999446354,0.9520028943562614,1.0,0.9760014471781306
171,2024-03-14 11:27:21.599051,ldousdt,0.5238137089036832,0.7362737080313231,0.5338389064890706,0.6067392909896602,0.5495130776203241,0.7752155604571888,0.620899042081875,0.9480013122906258,1.0,0.974000656145313
23,2024-03-14 11:27:21.599051,api3usdt,0.5232000618668317,0.6416636954891378,0.5278244981074636,0.5753443190735178,0.5619955358722354,0.8380057803468209,0.6113389817926679,0.9375557559607147,1.0,0.9687778779803573
218,2024-03-14 11:27:21.599051,ordiusdt,0.5178834561286002,0.5639404842944666,0.46130880388072737,0.6093947036569988,0.5022226001351039,0.8117073990089864,0.577742907850814,0.906958844389826,1.0,0.953479422194913
257,2024-03-14 11:27:21.599051,sandusdt,0.6679666288196674,1.0,0.6067392909896602,0.4431622788582783,0.39269993905329453,1.0,0.6850946896201501,0.9886909867725686,0.9,0.9443454933862843
231,2024-03-14 11:27:21.599051,portousdt,0.6241291524371313,0.8380057803468208,0.559338505467867,0.6329404060248854,0.5018395380221867,0.8733762566361686,0.6716049398225099,0.9818024959909818,0.9,0.9409012479954909
157,2024-03-14 11:27:21.599051,jasmyusdt,0.6234059421906285,1.0,0.7135271736044069,0.5639404842944666,0.4995770875428786,0.756325536909834,0.6927960374237024,0.9800529241742868,0.9,0.9400264620871435
308,2024-03-14 11:27:21.599051,vthousdt,0.5165012960344711,0.8258437876257428,0.6797213248060483,0.6209444265981369,0.5462613940604436,0.8578583655614024,0.6745217657810408,0.9796337876036199,0.9,0.9398168938018099
235,2024-03-14 11:27:21.599051,pyrusdt,0.5858962822637935,1.0,0.47309854180051336,0.4249596951487616,0.48384435201265746,0.8578583655614024,0.6376095394645214,0.9728091922758988,0.9,0.9364045961379495
290,2024-03-14 11:27:21.599051,trxusdt,0.6155598559635499,0.6968904912122579,0.6679666288196674,0.6488173823535993,0.4637221452180403,0.8578583655614024,0.6584691448547528,0.969017952575948,0.9,0.934508976287974
78,2024-03-14 11:27:21.599051,ctsiusdt,0.596451529956287,0.8733762566361686,0.6329404060248854,0.5797405713428808,0.5052261457698918,0.7510963086316959,0.6564718697269681,0.9653707385997126,0.9,0.9326853692998562
166,2024-03-14 11:27:21.599051,kmdusdt,0.5347904274450133,1.0,0.5872188826188218,0.6155598559635499,0.3466487334678323,0.6329404060248854,0.6195263842533505,0.9590162119627947,0.9,0.9295081059813974
101,2024-03-14 11:27:21.599051,elfusdt,0.5986083826076859,0.665511384502387,0.4291566744842095,0.4180905826880651,0.4886305525208619,0.7752155604571888,0.562535522876733,0.8482862690321195,1.0,0.9241431345160598
217,2024-03-14 11:27:21.599051,opusdt,0.6148844666123778,0.8117073990089864,0.47844842827339906,0.5687095460100484,0.5043741710094296,0.7510963086316959,0.6215367199243228,0.9481922605406894,0.9,0.9240961302703448
159,2024-03-14 11:27:21.599051,jstusdt,0.6130840772768402,0.6329404060248854,0.4662036807994855,0.6679666288196674,0.40819343258367646,0.7752155604571886,0.5939339643269572,0.9312295865832867,0.9,0.9156147932916434
189,2024-03-14 11:27:21.599051,mavusdt,0.4789016226377505,0.5489787707381725,0.5363900028549549,0.5347904274450132,0.5548671677279533,0.7339693388390527,0.564649555040483,0.8304000609029326,1.0,0.9152000304514663
150,2024-03-14 11:27:21.599051,imxusdt,0.5682124575541027,0.7211789578410646,0.5628733265979454,0.4338701531900567,0.5483761584779351,0.8009352432816385,0.6059077161571238,0.9089053390610863,0.9,0.9044526695305432
51,2024-03-14 11:27:21.599051,blzusdt,0.4373716970342731,0.6234059421906285,0.46664338516202525,0.5639404842944665,0.5500754194952404,0.7752155604571888,0.5694420814389705,0.8941442914639175,0.9,0.8970721457319588
205,2024-03-14 11:27:21.599051,nmrusdt,0.5921841193252533,0.7752155604571888,0.3683098877042202,0.7383342175066313,0.48357877459370247,0.8213735592500133,0.6298326864728349,0.9758901752982916,0.8,0.8879450876491458
33,2024-03-14 11:27:21.599051,atomusdt,0.5760163207298483,1.0,0.3181460384703458,0.5232000618668317,0.39355352863159365,0.8380057803468208,0.6081536216742401,0.9749232538073466,0.8,0.8874616269036733
315,2024-03-14 11:27:21.599051,woousdt,0.48696513820018555,0.7752155604571886,0.6136340961243685,0.5441664060056303,0.5452911209895845,0.8578583655614024,0.6371884478897266,0.9630271023580834,0.8,0.8815135511790417
183,2024-03-14 11:27:21.599051,luncusdt,0.7016164158157092,0.7211789578410646,0.5085057874430025,0.6178219087596684,0.4647767828007516,0.8380057803468209,0.641984272167836,0.9622951016354915,0.8,0.8811475508177458
202,2024-03-14 11:27:21.599051,neousdt,0.548585410378643,1.0,0.43597973559110303,0.5519072635906807,0.41144000454081053,0.6968904912122579,0.6074671508855826,0.9591485006281868,0.8,0.8795742503140934
309,2024-03-14 11:27:21.599051,wanusdt,0.46299401197604795,0.6329404060248854,0.4414433118109909,0.5469059455963785,0.36050376838941117,1.0,0.5741312406329523,0.955421688275801,0.8,0.8777108441379005
81,2024-03-14 11:27:21.599051,cvxusdt,0.42567333749792147,1.0,0.6178219087596684,0.5797405713428807,0.5274655903752833,0.36499244712990936,0.5859489758509439,0.8518107424193759,0.9,0.875905371209688
222,2024-03-14 11:27:21.599051,pendleusdt,0.48092885034037114,0.665511384502387,0.6329404060248854,0.6329404060248854,0.5258173005588802,0.8009352432816385,0.6231789317888413,0.9470073118749679,0.8,0.873503655937484
243,2024-03-14 11:27:21.599051,rdntusdt,0.5765101204915098,0.8380057803468208,0.4435845089216658,0.46299401197604795,0.49056280837602395,0.8117073990089864,0.6038941048535091,0.9430577642939009,0.8,0.8715288821469505
212,2024-03-14 11:27:21.599051,omusdt,0.572861981371719,0.8733762566361686,0.45929435469499574,0.47907308157006107,0.4249596951487616,0.7752155604571888,0.5974634883131491,0.9415731431539764,0.8,0.8707865715769882
299,2024-03-14 11:27:21.599051,ustcusdt,0.5149854642488725,0.7836032662201031,0.5838299050483569,0.6413480110438318,0.5629663302257493,0.6741847352206011,0.6268196186679191,0.941361698952194,0.8,0.870680849476097
67,2024-03-14 11:27:21.599051,chzusdt,0.5519072635906807,1.0,0.46552770622436074,0.2770333213901827,0.4291068164011491,0.8380057803468208,0.5935968146588656,0.9407213033263684,0.8,0.8703606516631842
94,2024-03-14 11:27:21.599051,dogeusdt,0.5781729414716041,0.5,0.3830082338954691,0.5991083349227541,0.39943824094412256,0.7510963086316959,0.5351373433109409,0.8228879292317659,0.9,0.8614439646158829
292,2024-03-14 11:27:21.599051,tusdusdt,0.5085057874430025,0.7752155604571888,0.5844948839749905,0.6329404060248854,0.36959431341453813,0.6329404060248854,0.5839485595565818,0.9088112786629722,0.8,0.854405639331486
97,2024-03-14 11:27:21.599051,dydxusdt,0.5687095460100484,0.6329404060248854,0.5581206752834604,0.6067392909896602,0.4317808878235693,0.7510963086316959,0.5915645191272199,0.9082205416995379,0.8,0.854110270849769
318,2024-03-14 11:27:21.599051,xecusdt,0.5546383561039132,0.5,0.5659306410789166,0.5014638846681244,0.4014061526595271,0.756325536909834,0.5466274285700524,0.7844853115615561,0.9,0.8422426557807781
79,2024-03-14 11:27:21.599051,ctxcusdt,0.6329404060248854,0.5797405713428807,0.6935536229903125,0.7193555808162824,0.47162811846709213,0.8009352432816385,0.6496922571538485,0.952962038256893,0.7,0.8264810191284464
324,2024-03-14 11:27:21.599051,xvgusdt,0.36499244712990936,0.6968904912122579,0.4662036807994855,0.4772315795248807,0.35330740188602733,1.0,0.5597709334254267,0.9513923613197042,0.7,0.8256961806598521
136,2024-03-14 11:27:21.599051,gtcusdt,0.4249596951487616,1.0,0.3719390382623754,0.521317001910327,0.23868617645242948,0.7418636782315013,0.549794265000899,0.9496959620585228,0.7,0.8248479810292614
85,2024-03-14 11:27:21.599051,datausdt,0.3853860339929223,0.46299401197604795,0.38848693654895206,0.6229979120832925,0.4416488834257148,0.8009352432816385,0.5170748368847613,0.8374905092057409,0.8,0.8187452546028704
226,2024-03-14 11:27:21.599051,phausdt,0.5347904274450132,0.5,0.284655409385431,0.5232000618668317,0.3365016363762969,1.0,0.529857922512262,0.9098947541256549,0.7,0.8049473770628275
138,2024-03-14 11:27:21.599051,hbarusdt,0.6125018003744779,0.6329404060248854,0.48753881803994514,0.5347904274450132,0.38162318470302,0.8009352432816385,0.5750549799781633,0.8972395841072403,0.7,0.7986197920536201
312,2024-03-14 11:27:21.599051,wingusdt,0.47042402725684995,0.4081934325836765,0.31985659128516275,0.726241241335262,0.3672789659276976,0.8733762566361686,0.5275617525041363,0.8959880803784619,0.7,0.7979940401892309
50,2024-03-14 11:27:21.599051,blurusdt,0.5232000618668317,0.5678092125796325,0.5830074295997667,0.5687095460100484,0.5089939192782258,0.6329404060248854,0.5641100958932317,0.7891451678382622,0.8,0.7945725839191311
8,2024-03-14 11:27:21.599051,aergousdt,0.5035558913173731,1.0,0.5719862928705746,0.4300060380716306,0.08124408952400966,0.6329404060248854,0.5366221196347457,0.8879968972265064,0.7,0.7939984486132532
232,2024-03-14 11:27:21.599051,powrusdt,0.5701560333893756,0.3012311048776687,0.49461435360058487,0.5852058665231432,0.41473863384421733,0.756325536909834,0.520378588190804,0.6876816895485497,0.9,0.7938408447742749
289,2024-03-14 11:27:21.599051,truusdt,0.14707448832077913,0.6329404060248854,0.335124826629681,1.0,0.07937420441013428,1.0,0.5324189875642467,0.987499876288569,0.6,0.7937499381442845
34,2024-03-14 11:27:21.599051,auctionusdt,0.46299401197604795,0.4597874069017074,0.5298408882254644,0.7211789578410644,0.47050565493576685,0.7510963086316959,0.5659005380852911,0.8802321869769791,0.7,0.7901160934884895
227,2024-03-14 11:27:21.599051,pntusdt,0.5933418908360308,0.39269993905329453,0.5781729414716041,0.4757685397130129,0.4045104793792859,0.8380057803468208,0.5470832618000082,0.769029089372583,0.8,0.7845145446862916
297,2024-03-14 11:27:21.599051,uniusdt,0.5233990703551604,0.7752155604571888,0.5551378249813327,0.7006161652772744,0.23686467793102506,0.7752155604571888,0.594408143243195,0.9596852145116382,0.6,0.7798426072558191
228,2024-03-14 11:27:21.599051,polsusdt,0.6329404060248853,0.7510963086316959,0.5241879384542829,0.2770333213901827,0.4467828585707146,0.8009352432816385,0.5721626793922333,0.8425184067429267,0.7,0.7712592033714634
165,2024-03-14 11:27:21.599051,klayusdt,0.5021368237581283,0.8960689783052105,0.468781098341143,0.46299401197604795,0.43061966459339523,0.7620390587093644,0.5871066059472149,0.9369007789859174,0.6,0.7684503894929586
317,2024-03-14 11:27:21.599051,xaiusdt,0.5347904274450133,0.5347904274450132,0.6022380115795031,0.5896528582758831,0.540446107876871,0.5639404842944666,0.5609763861527917,0.7260190567030792,0.8,0.7630095283515397
77,2024-03-14 11:27:21.599051,ctkusdt,0.2770333213901827,0.6329404060248854,0.4696307094266278,0.4963091340907632,0.14962690033130013,1.0,0.5042567452106266,0.9259512911868718,0.6,0.7629756455934359
107,2024-03-14 11:27:21.599051,etcusdt,0.5085057874430025,0.7752155604571888,0.4772315795248807,0.47907308157006107,0.44870009285051066,0.8009352432816385,0.5816102241878803,0.9239107205799099,0.6,0.7619553602899549
322,2024-03-14 11:27:21.599051,xrpusdt,0.54243730707416,0.5347904274450132,0.31498757485639794,0.6513309660195432,0.3735402260429941,0.8733762566361686,0.5484104596790461,0.918039318911284,0.6,0.759019659455642
44,2024-03-14 11:27:21.599051,bchusdt,0.5508054247068147,0.6329404060248854,0.46030718896728806,0.5835132938581213,0.4081934325836765,0.6329404060248854,0.5447833586942786,0.8125858623174527,0.7,0.7562929311587263
145,2024-03-14 11:27:21.599051,icpusdt,0.5908591137409839,0.6209444265981369,0.4296032892543616,0.31213667484821084,0.5494814640553628,0.8380057803468209,0.5568384581406461,0.8125207343970625,0.7,0.7562603671985313
265,2024-03-14 11:27:21.599051,slpusdt,0.47204730590102745,0.5,0.5986083826076859,0.5489787707381725,0.4028948587308939,0.7418636782315013,0.5440654993682136,0.7998403591328845,0.7,0.7499201795664423
72,2024-03-14 11:27:21.599051,compusdt,0.47042402725684995,0.8380057803468208,0.5844948839749905,0.46299401197604795,0.4927238618951469,0.6830871439677716,0.5886216182362712,0.8993636932983347,0.6,0.7496818466491673
181,2024-03-14 11:27:21.599051,ltousdt,0.0,0.46299401197604795,0.3012311048776687,0.2770333213901827,0.0,1.0,0.34020973970731655,0.5976810888207023,0.9,0.7488405444103512
263,2024-03-14 11:27:21.599051,shibusdt,0.6741847352206011,0.5,0.37873529115397964,0.5639404842944666,0.174335232311693,0.7752155604571888,0.5110685505729883,0.7955185002446795,0.7,0.7477592501223398
25,2024-03-14 11:27:21.599051,arbusdt,0.5753443190735179,0.586166888604691,0.4690488689788728,0.7304362761937478,0.5274655903752833,0.6329404060248854,0.586900391541833,0.8847587137847137,0.6,0.7423793568923569
179,2024-03-14 11:27:21.599051,lskusdt,0.7339693388390527,0.36499244712990936,0.4582615276600012,0.6915160020914168,0.48993794813539027,0.8213735592500133,0.5933418038509639,0.8810444077508848,0.6,0.7405222038754424
100,2024-03-14 11:27:21.599051,egldusdt,0.540376838063999,0.46299401197604795,0.28323853418763567,0.5347904274450132,0.4316685276277273,0.7752155604571888,0.5047139832929354,0.7599898613478918,0.7,0.7299949306739459
213,2024-03-14 11:27:21.599051,oneusdt,0.5322891546157762,0.5,0.375129033057237,0.46299401197604795,0.16865157265628408,0.8380057803468208,0.4795115921086944,0.7572464500514107,0.7,0.7286232250257053
279,2024-03-14 11:27:21.599051,sushiusdt,0.16078855431708536,1.0,0.38112701604952876,0.2564340673918811,0.35558417070983467,0.7510963086316959,0.4841716861833376,0.8568146683040923,0.6,0.7284073341520461
184,2024-03-14 11:27:21.599051,magicusdt,0.4325493382461568,0.5933418908360308,0.41740444828330814,0.5163139510992397,0.5508701169599466,1.0,0.5850799575707804,0.948645618184104,0.5,0.7243228090920519
174,2024-03-14 11:27:21.599051,linkusdt,0.5296570621227041,0.5397135630522616,0.4663329934412625,0.49630913409076327,0.5557843052327563,0.8009352432816385,0.5647887168702311,0.8468857640827495,0.6,0.7234428820413747
88,2024-03-14 11:27:21.599051,dentusdt,0.4629940119760479,0.46299401197604795,0.5268836113284856,0.46299401197604795,0.44462728028734716,0.7752155604571888,0.5226180813335276,0.733626797976132,0.7,0.716813398988066
28,2024-03-14 11:27:21.599051,arusdt,0.4216689407994695,0.5,0.46805471366655343,0.6167696059438886,0.3012311048776687,0.7752155604571888,0.5138233209574615,0.8308536248342272,0.6,0.7154268124171136
103,2024-03-14 11:27:21.599051,ensusdt,0.4115922652207284,0.5639404842944666,0.4011591039235053,0.6187456236871062,0.5075985810252713,0.6830871439677716,0.5310205336864748,0.8219413096868204,0.6,0.7109706548434103
105,2024-03-14 11:27:21.599051,epxusdt,0.4843852779953015,0.0,0.5104813672668594,0.6155598559635499,0.4366730288696486,1.0,0.5078499216825599,0.7098827926400706,0.7,0.7049413963200353
182,2024-03-14 11:27:21.599051,lunausdt,0.6547901333415453,0.7752155604571888,0.3796015281893812,0.5284864034995478,0.39355352863159365,0.36499244712990936,0.5161066002081943,0.6087888875923715,0.8,0.7043944437961858
283,2024-03-14 11:27:21.599051,thetausdt,0.6679666288196674,0.5,0.4249596951487616,0.4081934325836765,0.0,0.7510963086316959,0.45870267753063354,0.608296043408293,0.8,0.7041480217041465
207,2024-03-14 11:27:21.599051,nulsusdt,0.46299401197604795,0.46299401197604795,0.5639404842944666,0.4431622788582783,0.23686467793102506,0.7950733513093552,0.49417146939087014,0.7022794416291064,0.7,0.7011397208145531
284,2024-03-14 11:27:21.599051,tiausdt,0.5701560333893756,0.3845266323981094,0.5781729414716041,0.3649924471299094,0.5488074739758606,0.8380057803468208,0.5474435514519467,0.6955037015935674,0.7,0.6977518507967837
113,2024-03-14 11:27:21.599051,filusdt,0.39542884772744175,0.6329404060248854,0.494666328083323,0.5701560333893756,0.4405594130799549,0.756325536909834,0.548346094202469,0.8793932976629789,0.5,0.6896966488314895
326,2024-03-14 11:27:21.599051,yfiusdt,0.5584064289090813,0.5639404842944666,0.5363900028549549,0.5085057874430025,0.44462728028734716,0.5896528582758831,0.5335871403441227,0.6793290877437078,0.7,0.6896645438718538
225,2024-03-14 11:27:21.599051,perpusdt,0.6067392909896602,0.6329404060248854,0.5781729414716041,0.31498757485639794,0.41745797142529345,0.7752155604571888,0.5542522908708384,0.7713062712832276,0.6,0.6856531356416138
274,2024-03-14 11:27:21.599051,straxusdt,0.1773231813595083,1.0,0.38480493696970347,0.6329404060248854,0.0,0.8213735592500133,0.5027403472673517,0.9678494821024671,0.4,0.6839247410512336
186,2024-03-14 11:27:21.599051,mantausdt,0.0,0.5,0.0,0.39875402260912624,0.36499244712990936,1.0,0.37729107828983927,0.7619140873372126,0.6,0.6809570436686063
144,2024-03-14 11:27:21.599051,hotusdt,0.5995939353492438,0.6329404060248854,0.3377571057711509,0.3649924471299094,0.36499244712990936,0.7752155604571888,0.5125819836437147,0.7618292905246679,0.6,0.6809146452623339
9,2024-03-14 11:27:21.599051,agixusdt,0.5519072635906807,0.5,0.5310131734474511,0.5639404842944666,0.4028948587308939,0.6830871439677716,0.5388071540052107,0.7594282892043283,0.6,0.6797141446021642
264,2024-03-14 11:27:21.599051,sklusdt,0.47000499804130813,0.46299401197604795,0.36332062581465,0.48926799635516866,0.41167387980802145,0.8009352432816385,0.49969945921280573,0.7480048576592585,0.6,0.6740024288296292
323,2024-03-14 11:27:21.599051,xtzusdt,0.4249596951487616,0.46299401197604795,0.4450686713560435,0.36499244712990936,0.36499244712990936,0.8117073990089864,0.47911911195827633,0.6475939767412243,0.7,0.6737969883706121
252,2024-03-14 11:27:21.599051,roseusdt,0.4340007756210071,0.5797405713428807,0.46382984890990314,0.4180905826880651,0.4373716970342731,0.7418636782315013,0.5124828589712718,0.7408694873294615,0.6,0.6704347436647307
206,2024-03-14 11:27:21.599051,ntrnusdt,0.49582040569647606,0.45888692817181154,0.5584064289090813,0.6167696059438886,0.5072775903994498,0.6329404060248854,0.545016894190932,0.7368696540947899,0.6,0.668434827047395
249,2024-03-14 11:27:21.599051,rlcusdt,0.4963091340907632,0.5085057874430025,0.46798696165939013,0.4458907269491861,0.4611459661166618,0.7510963086316959,0.5218224808151165,0.7302353492337781,0.6,0.665117674616889
190,2024-03-14 11:27:21.599051,mblusdt,0.4249596951487616,0.46299401197604795,0.3853860339929223,0.39875402260912624,0.3853860339929223,0.7752155604571888,0.47211589302949486,0.6300970182071013,0.7,0.6650485091035506
208,2024-03-14 11:27:21.599051,oceanusdt,0.40079475288093164,0.7752155604571888,0.5489787707381725,0.396461992052301,0.38162318470302,0.8578583655614024,0.5601554377321694,0.9132108655665185,0.4,0.6566054327832593
124,2024-03-14 11:27:21.599051,ftmusdt,0.5148317075606752,0.5,0.4081934325836765,0.4081934325836765,0.15500705671028997,0.8380057803468209,0.4707052349641898,0.7125775861820538,0.6,0.6562887930910268
15,2024-03-14 11:27:21.599051,aliceusdt,0.4249596951487616,0.8380057803468208,0.3666436634098898,0.4963091340907632,0.41965597862391446,0.46299401197604795,0.5014280439326996,0.7125561736283297,0.6,0.6562780868141649
194,2024-03-14 11:27:21.599051,memeusdt,0.39269993905329453,0.6329404060248854,0.3472505280894004,0.46299401197604795,0.39355352863159365,0.7752155604571888,0.5007756623720685,0.810867964562518,0.5,0.6554339822812589
6,2024-03-14 11:27:21.599051,adausdt,0.540376838063999,0.46299401197604795,0.46717527733245257,0.39875402260912624,0.4629940119760479,0.8009352432816385,0.5222049008732187,0.7107982442876869,0.6,0.6553991221438434
327,2024-03-14 11:27:21.599051,yggusdt,0.0,0.5,0.46299401197604795,0.46299401197604795,0.3910038201688734,0.8009352432816385,0.43632118123376795,0.6979899468484917,0.6,0.6489949734242458
287,2024-03-14 11:27:21.599051,trbusdt,0.4462741139644888,0.4629940119760479,0.4833320582412312,0.5347904274450133,0.4789831661737602,0.6830871439677716,0.5149101536280521,0.6958203738808749,0.6,0.6479101869404374
260,2024-03-14 11:27:21.599051,scusdt,0.5546383561039132,0.3632045584643149,0.2988580062546119,0.521317001910327,0.5465108060268921,0.7752155604571888,0.5099573815362081,0.6945876482414871,0.6,0.6472938241207435
71,2024-03-14 11:27:21.599051,combousdt,0.492372569552543,0.6329404060248854,0.6051735608343444,0.2770333213901827,0.3053341433778858,1.0,0.5521423335299736,0.8843236706431761,0.4,0.6421618353215881
188,2024-03-14 11:27:21.599051,maticusdt,0.44795921323252513,0.6329404060248854,0.25267643560214903,0.12564185895352617,0.4316685276277273,1.0,0.48181440690680216,0.765313176738316,0.5,0.632656588369158
154,2024-03-14 11:27:21.599051,iotxusdt,1.0,1.0,0.23868617645242945,0.3649924471299094,0.31294593813240823,0.8009352432816385,0.6195933008327309,0.9515048757569938,0.3,0.6257524378784969
45,2024-03-14 11:27:21.599051,beamxusdt,0.46299401197604795,0.4081934325836765,0.5986083826076859,0.4206403177107418,0.5061806950865249,0.8380057803468208,0.5391037700519163,0.7412910288622667,0.5,0.6206455144311334
278,2024-03-14 11:27:21.599051,superusdt,0.5896528582758831,0.6830871439677716,0.6261802452432901,0.31985659128516275,0.3719390382623754,0.6968904912122579,0.5479343947077902,0.7359123359173595,0.5,0.6179561679586798
53,2024-03-14 11:27:21.599051,bntusdt,0.5816962781067938,0.46299401197604795,0.3796015281893812,0.39269993905329453,0.3012311048776687,0.7752155604571888,0.48223973711006257,0.6314057983880749,0.6,0.6157028991940374
329,2024-03-14 11:27:21.599051,zilusdt,0.5085057874430025,0.5,0.23868617645242945,0.4458907269491861,0.0,1.0,0.44884711514076964,0.8312324794980203,0.4,0.6156162397490101
56,2024-03-14 11:27:21.599051,bonkusdt,0.1773231813595083,0.5,0.36946122172588164,0.513090900316112,0.4249596951487616,0.6830871439677716,0.4446536904196725,0.6301056677893887,0.6,0.6150528338946943
273,2024-03-14 11:27:21.599051,stptusdt,0.0,0.5,0.5639404842944666,0.4300060380716306,0.07268283511938334,0.7304362761937478,0.38284427227987144,0.5274147941880799,0.7,0.6137073970940399
176,2024-03-14 11:27:21.599051,lokausdt,0.0,0.46299401197604795,0.4314031813017367,0.5639404842944666,0.19037457732838714,0.7211789578410646,0.3949818687902839,0.6171027110529705,0.6,0.6085513555264852
295,2024-03-14 11:27:21.599051,umausdt,0.6329404060248854,0.31985659128516275,0.28024936829460256,0.5933418908360308,0.497741751082775,0.6830871439677716,0.5012028585818714,0.6153635922514965,0.6,0.6076817961257482
116,2024-03-14 11:27:21.599051,fisusdt,0.6089901547116737,0.5,0.4103049208165676,0.5797405713428808,0.426963952138133,0.5347904274450132,0.5101316710757114,0.603216843964374,0.6,0.601608421982187
35,2024-03-14 11:27:21.599051,audiousdt,0.13551598429613013,1.0,0.45859635149676753,0.48926799635516866,0.4164078628489364,0.46299401197604795,0.49379703449550844,0.8025327290975457,0.4,0.6012663645487728
272,2024-03-14 11:27:21.599051,storjusdt,0.5397135630522616,0.5347904274450132,0.39542884772744175,0.3811270160495288,0.35810162184010647,0.7752155604571888,0.49739617276192344,0.6949433642102829,0.5,0.5974716821051415
187,2024-03-14 11:27:21.599051,maskusdt,0.5347904274450132,0.7752155604571888,0.46805471366655343,0.44795921323252513,0.4629940119760479,0.46299401197604795,0.525334656458896,0.6588524244047855,0.5,0.5794262122023928
239,2024-03-14 11:27:21.599051,qtumusdt,0.5921841193252533,0.5,0.24203646198537515,0.5835132938581213,0.1773231813595083,0.7510963086316959,0.47435889419332566,0.7577507377313246,0.4,0.5788753688656623
259,2024-03-14 11:27:21.599051,scrtusdt,0.13551598429613013,1.0,0.33123472852473584,0.5257320721646369,0.39269993905329453,0.5347904274450132,0.4866621919139685,0.8571006671764158,0.3,0.5785503335882078
281,2024-03-14 11:27:21.599051,sysusdt,0.0,0.5,0.5639404842944666,0.5347904274450133,0.07268283511938334,0.7472215958509165,0.40310589045163,0.6543911193215047,0.5,0.5771955596607523
126,2024-03-14 11:27:21.599051,galausdt,0.5,0.0,0.0,0.5835132938581213,0.29723687634548507,1.0,0.39679169503393447,0.5484342953330691,0.6,0.5742171476665345
296,2024-03-14 11:27:21.599051,unfiusdt,0.5187033757312295,0.5469059455963785,0.3472505280894004,0.39269993905329453,0.35558417070983467,0.8117073990089864,0.495475226364854,0.7406631329265343,0.4,0.5703315664632671
320,2024-03-14 11:27:21.599051,xlmusdt,0.13551598429613013,0.7752155604571888,0.24823069459505737,0.5489787707381725,0.4242182283422285,0.8733762566361686,0.5009225825108243,0.9345392420571367,0.2,0.5672696210285684
31,2024-03-14 11:27:21.599051,atausdt,0.46299401197604795,1.0,0.38713990321637737,0.5639404842944666,0.3321800497210352,0.3012311048776687,0.507914259014266,0.7295382153165749,0.4,0.5647691076582875
199,2024-03-14 11:27:21.599051,movrusdt,0.4629940119760479,0.47204730590102745,0.5781729414716041,0.40140615265952717,0.45931261459674355,0.7070965719063546,0.5135049330852175,0.6223650175058806,0.5,0.5611825087529403
52,2024-03-14 11:27:21.599051,bnbusdt,0.0,0.5,0.0,1.0,0.0,0.8117073990089864,0.3852845665014977,0.9150321892461912,0.2,0.5575160946230956
62,2024-03-14 11:27:21.599051,celousdt,0.0,0.36499244712990936,0.39269993905329453,0.4136332295109251,0.43061966459339523,0.8733762566361686,0.4125535894872821,0.6040779167206052,0.5,0.5520389583603026
261,2024-03-14 11:27:21.599051,seiusdt,0.4580742397816031,0.600296749557176,0.46299401197604784,0.5257320721646369,0.5534907604105347,0.3300606164091181,0.48844140838318606,0.4036844537547546,0.7,0.5518422268773773
230,2024-03-14 11:27:21.599051,pondusdt,0.36499244712990936,0.6329404060248854,0.22323593948492898,0.5469059455963785,0.08124408952400966,0.7752155604571886,0.4374223980362168,0.7980537185118225,0.3,0.5490268592559112
262,2024-03-14 11:27:21.599051,sfpusdt,0.4944366287249009,0.4276621453734747,0.4990715271640368,0.31498757485639794,0.5044849533635386,0.7070965719063546,0.4912899002314506,0.4879782196425056,0.6,0.5439891098212528
117,2024-03-14 11:27:21.599051,flmusdt,0.4963091340907632,0.5347904274450132,0.4249596951487616,0.6329404060248854,0.06219633836352521,0.5347904274450132,0.4476644047529936,0.5876438437690434,0.5,0.5438219218845217
209,2024-03-14 11:27:21.599051,ognusdt,0.3012311048776687,1.0,0.2564340673918811,0.492372569552543,0.38848693654895206,0.8578583655614024,0.5493971739887412,0.966592441408347,0.1,0.5332962207041735
161,2024-03-14 11:27:21.599051,jupusdt,0.0,0.5,0.5,0.7752155604571888,0.0,0.5797405713428807,0.3924926886333449,0.6610638102828288,0.4,0.5305319051414144
128,2024-03-14 11:27:21.599051,gasusdt,0.4613423878108234,0.5797405713428807,0.45929435469499574,0.46299401197604795,0.4221851411797596,0.7211789578410646,0.517789237474262,0.7569346292683813,0.3,0.5284673146341906
30,2024-03-14 11:27:21.599051,astrusdt,0.5776296642760628,0.39586319885316407,0.3791551765913994,0.35016847215680597,0.5286724305436495,0.756325536909834,0.49796907988848593,0.551240966691406,0.5,0.525620483345703
59,2024-03-14 11:27:21.599051,bttcusdt,0.48468385640854195,0.0,0.46642515031418064,0.6499819863095954,0.36050376838941117,0.8578583655614024,0.46990885449718856,0.5494169739780826,0.5,0.5247084869890413
41,2024-03-14 11:27:21.599051,bandusdt,0.23330383006115224,0.8380057803468208,0.3830082338954692,0.6891538583425765,0.36273422192786375,0.6968904912122579,0.5338494026310233,0.9390120335807787,0.1,0.5195060167903893
65,2024-03-14 11:27:21.599051,chessusdt,0.3649924471299094,0.46299401197604795,0.16078855431708536,0.14707448832077913,0.11326282483227375,1.0,0.37485205442934927,0.5287888279496589,0.5,0.5143944139748294
319,2024-03-14 11:27:21.599051,xemusdt,0.46299401197604795,0.46299401197604795,0.46299401197604795,0.4249596951487616,0.18361725033246787,0.6830871439677716,0.44677435422952416,0.5168684145359448,0.5,0.5084342072679724
175,2024-03-14 11:27:21.599051,litusdt,0.0,0.6329404060248854,0.2564340673918811,0.5347904274450132,0.1737496853989142,0.8380057803468209,0.40598672776791916,0.8156821621184864,0.2,0.5078410810592432
293,2024-03-14 11:27:21.599051,twtusdt,0.540376838063999,1.0,0.2014975937733456,0.2564340673918811,0.36050376838941117,0.8117073990089864,0.5284199444379373,0.9036785171389157,0.1,0.5018392585694579
140,2024-03-14 11:27:21.599051,hifiusdt,0.0,0.5,0.5896528582758831,0.5347904274450132,0.0,0.6329404060248854,0.3762306152909636,0.5006735290118338,0.5,0.5003367645059169
253,2024-03-14 11:27:21.599051,rplusdt,0.5187033757312296,0.4249596951487616,0.5417917245728567,0.46299401197604795,0.3321800497210352,0.5347904274450132,0.46923654743249066,0.39349375249178736,0.6,0.49674687624589364
160,2024-03-14 11:27:21.599051,jtousdt,0.0,0.8380057803468208,0.5659306410789166,0.5232000618668317,0.44462728028734716,0.6968904912122579,0.5114423757986957,0.8903322531826743,0.1,0.49516612659133713
242,2024-03-14 11:27:21.599051,rayusdt,0.48926799635516866,0.3466487334678323,0.4571489706743547,0.5257320721646369,0.44937138400506943,0.7752155604571888,0.5072307861873752,0.6819537439488353,0.3,0.49097687197441764
147,2024-03-14 11:27:21.599051,idexusdt,0.5519072635906807,0.8733762566361686,0.37431370315525686,0.6329404060248854,0.38848693654895206,0.2564340673918811,0.5129097722246374,0.6555901625878964,0.3,0.4777950812939482
73,2024-03-14 11:27:21.599051,cosusdt,0.4249596951487616,0.0,0.3649924471299094,0.6583787465940054,0.3737833831080936,0.7950733513093552,0.43619793721502087,0.448215828282583,0.5,0.4741079141412915
149,2024-03-14 11:27:21.599051,ilvusdt,0.3300606164091181,0.36499244712990936,0.2770333213901828,0.5797405713428807,0.4008933912974115,0.7418636782315013,0.4490973376335006,0.6391180929465745,0.3,0.4695590464732873
223,2024-03-14 11:27:21.599051,peopleusdt,0.5035558913173731,0.3012311048776687,0.46720359465991856,0.5498368610390697,0.36036947065137565,0.6830871439677716,0.4775473444188629,0.5340538413386217,0.4,0.46702692066931084
198,2024-03-14 11:27:21.599051,mobusdt,0.5269547617091515,0.5324314540246168,0.4990715271640368,0.36499244712990936,0.36050376838941117,0.6329404060248854,0.4861490607403351,0.5243865335890213,0.4,0.46219326679451067
314,2024-03-14 11:27:21.599051,wldusdt,0.36499244712990936,0.46299401197604795,0.4938938929006428,0.4338701531900567,0.49592542731977535,0.36499244712990936,0.43611139660772363,0.21989944770077297,0.7,0.45994972385038646
219,2024-03-14 11:27:21.599051,ornusdt,0.0,0.6329404060248854,0.3393396782404795,0.46299401197604795,0.4242182283422285,0.6329404060248854,0.4154054551014211,0.6108249114546802,0.3,0.4554124557273401
258,2024-03-14 11:27:21.599051,santosusdt,0.36499244712990936,0.5,0.27157935406824607,0.6478017719875165,0.39269993905329453,0.6329404060248854,0.4683356530439753,0.7049535217079084,0.2,0.45247676085395416
43,2024-03-14 11:27:21.599051,batusdt,0.2564340673918811,0.5,0.24724202986601862,0.6329404060248854,0.36499244712990936,0.7752155604571888,0.4628040851449806,0.8033151292727357,0.1,0.45165756463636786
125,2024-03-14 11:27:21.599051,fxsusdt,0.5721474026935031,0.22323593948492898,0.3830082338954692,0.5797405713428807,0.515146881498698,0.7472215958509165,0.5034167707943994,0.5992326715667238,0.3,0.4496163357833619
5,2024-03-14 11:27:21.599051,acmusdt,0.23330383006115224,0.7211789578410646,0.46299401197604795,0.46299401197604795,0.14707448832077913,0.6329404060248854,0.44341428436666286,0.6953492761751214,0.2,0.4476746380875607
98,2024-03-14 11:27:21.599051,dymusdt,0.5,0.3012311048776687,0.34093715092010113,0.46299401197604795,0.5471959236309879,0.6968904912122579,0.47487478043617726,0.47834572165757805,0.4,0.43917286082878904
233,2024-03-14 11:27:21.599051,promusdt,0.5347904274450132,0.0,0.5844948839749905,0.43939807237679585,0.39613670829746994,0.8578583655614024,0.46877974294261193,0.3737516374489767,0.5,0.43687581872448833
104,2024-03-14 11:27:21.599051,eosusdt,0.5896528582758831,0.6329404060248854,0.36499244712990936,0.43939807237679585,0.3737833831080936,0.5347904274450132,0.48925959906009675,0.5666971931066882,0.3,0.4333485965533441
70,2024-03-14 11:27:21.599051,clvusdt,0.0,0.5,0.6329404060248854,0.3853860339929223,0.0,0.7211789578410646,0.3732508996431454,0.4654442638242412,0.4,0.4327221319121206
313,2024-03-14 11:27:21.599051,winusdt,0.4969592999612024,0.0,0.5275418093129143,0.5498368610390697,0.37154618699043745,0.8578583655614024,0.4672904204775044,0.4621256377175396,0.4,0.43106281885876985
152,2024-03-14 11:27:21.599051,iostusdt,0.4249596951487616,0.5,0.2770333213901827,0.6329404060248854,0.19037457732838714,0.6329404060248854,0.44304140098618366,0.6590278590695997,0.2,0.42951392953479983
185,2024-03-14 11:27:21.599051,manausdt,0.46299401197604795,1.0,0.3346358352912081,0.4814617136350698,0.16865157265628408,0.2564340673918811,0.45069620015841516,0.5517366305054596,0.3,0.42586831525272983
255,2024-03-14 11:27:21.599051,runeusdt,0.0,0.5,0.0,0.7752155604571888,0.0,0.7418636782315013,0.33617987311478165,0.7444304800865208,0.1,0.4222152400432604
316,2024-03-14 11:27:21.599051,wrxusdt,0.0,0.46299401197604795,0.24823069459505737,0.4963091340907632,0.14962690033130013,0.8380057803468209,0.3658610868899983,0.6440451587087487,0.2,0.42202257935437437
200,2024-03-14 11:27:21.599051,mtlusdt,0.7418636782315013,0.0,0.4935771527341295,0.6741847352206011,0.4317808878235693,0.7752155604571888,0.519437002411165,0.541374125167612,0.3,0.42068706258380595
47,2024-03-14 11:27:21.599051,betausdt,0.5347904274450132,0.5,0.3300606164091181,0.709541597391661,0.07937420441013428,0.46299401197604795,0.436126809605329,0.5325771993230833,0.3,0.41628859966154164
220,2024-03-14 11:27:21.599051,oxtusdt,0.521317001910327,0.6329404060248854,0.252265707698331,0.36499244712990936,0.19037457732838714,0.8009352432816385,0.4604708972289131,0.7289505286061391,0.1,0.4144752643030695
282,2024-03-14 11:27:21.599051,tfuelusdt,0.5462370354529763,0.0,0.4694247233889653,0.46299401197604795,0.09728723136544365,0.7752155604571888,0.3918597604401037,0.22696943564623523,0.6,0.4134847178231176
214,2024-03-14 11:27:21.599051,ongusdt,0.0,0.6329404060248854,0.26295145895209376,0.5,0.35612415198214015,0.7211789578410646,0.41219916246669736,0.7164092900671896,0.1,0.40820464503359477
169,2024-03-14 11:27:21.599051,ksmusdt,0.45428144566987294,0.8380057803468208,0.49125928077404835,0.0,0.397005320397465,0.756325536909834,0.48947956068300685,0.6043208124216422,0.2,0.40216040621082105
247,2024-03-14 11:27:21.599051,requsdt,0.4249596951487616,0.36499244712990936,0.3830082338954692,0.54243730707416,0.38922382650100085,0.6329404060248854,0.4562603192956977,0.5018011491970046,0.3,0.40090057459850226
57,2024-03-14 11:27:21.599051,bswusdt,0.0,0.6329404060248854,0.5085057874430025,0.5639404842944666,0.0874225498620596,0.3300606164091181,0.35381164067225535,0.2967286719149833,0.5,0.39836433595749166
146,2024-03-14 11:27:21.599051,icxusdt,0.39269993905329453,0.0,0.3346358352912081,0.596451529956287,0.2298484588249283,0.8380057803468208,0.3986069239120898,0.3913006213391816,0.4,0.3956503106695908
276,2024-03-14 11:27:21.599051,suiusdt,0.45428144566987294,0.405948172820073,0.46176643109206333,0.2564340673918811,0.5556203083813847,0.8518045212179968,0.4976424910955453,0.5854149822591947,0.2,0.39270749112959735
24,2024-03-14 11:27:21.599051,aptusdt,0.49754365722147026,0.2564340673918811,0.457651370102732,0.5991083349227541,0.3910038201688734,0.6329404060248854,0.472446942638766,0.47999720638910953,0.3,0.38999860319455476
66,2024-03-14 11:27:21.599051,chrusdt,0.0,0.54243730707416,0.3227070729555049,0.12564185895352617,0.47110250121076724,0.8733762566361686,0.38921083280502117,0.47947163195798964,0.3,0.3897358159789948
76,2024-03-14 11:27:21.599051,crvusdt,0.0,0.6329404060248854,0.307955790102559,0.5639404842944666,0.36050376838941117,0.46299401197604795,0.38805574346456173,0.4789100264150401,0.3,0.3894550132075201
256,2024-03-14 11:27:21.599051,rvnusdt,0.0,0.0,0.39269993905329453,0.3300606164091181,0.20785904112324685,1.0,0.32176993276427657,0.2677019268709302,0.5,0.3838509634354651
271,2024-03-14 11:27:21.599051,stmxusdt,0.39269993905329453,0.36499244712990936,0.5085057874430025,0.46299401197604795,0.08526123106102375,0.6329404060248854,0.4078989704480272,0.3671168111226927,0.4,0.38355840556134635
111,2024-03-14 11:27:21.599051,fetusdt,0.5195481621386023,0.0,0.5719862928705746,0.6547901333415453,0.16865157265628408,0.8009352432816385,0.45265190071477407,0.4637678652222834,0.3,0.38188393261114173
18,2024-03-14 11:27:21.599051,alpineusdt,0.5299562952569871,0.6708222103577148,0.4708963291158514,0.1773231813595083,0.35558417070983467,0.6329404060248854,0.4729204321374636,0.4623394912244649,0.3,0.38116974561223244
254,2024-03-14 11:27:21.599051,rsrusdt,0.0,0.0,0.0,0.3012311048776687,0.0,1.0,0.2168718508129448,0.15826975726232853,0.6,0.37913487863116424
122,2024-03-14 11:27:21.599051,forusdt,0.0,0.0,0.5347904274450132,0.4338701531900567,0.0,0.7950733513093552,0.2939556553240708,0.15424865412456196,0.6,0.37712432706228094
221,2024-03-14 11:27:21.599051,paxgusdt,0.5682124575541027,0.46299401197604795,0.2770333213901827,0.36499244712990936,0.10628178694158076,0.8518045212179968,0.43855309103497003,0.6279012597791912,0.1,0.3639506298895956
266,2024-03-14 11:27:21.599051,snxusdt,0.43387015319005673,0.46299401197604795,0.252265707698331,0.39269993905329453,0.35558417070983467,0.8009352432816385,0.4497248709848672,0.6228728122873916,0.1,0.36143640614369577
311,2024-03-14 11:27:21.599051,waxpusdt,0.0,0.6329404060248854,0.2770333213901827,0.22323593948492898,0.18041533794819944,0.8117073990089864,0.3542220673095305,0.5152447538581373,0.2,0.3576223769290686
246,2024-03-14 11:27:21.599051,renusdt,0.13551598429613013,0.6329404060248854,0.3346358352912081,0.7211789578410646,0.2043402096106799,0.36499244712990936,0.3989339733656463,0.5122428888828137,0.2,0.3561214444414068
38,2024-03-14 11:27:21.599051,axsusdt,0.36499244712990936,0.0,0.34093715092010113,0.6014045068669719,0.1703173736056532,0.7752155604571886,0.3754778398299707,0.306328194708738,0.4,0.35316409735436904
168,2024-03-14 11:27:21.599051,kp3rusdt,0.2564340673918811,0.6329404060248854,0.13039225606259908,0.46299401197604795,0.37761281500293026,0.7211789578410646,0.4302587523832347,0.7052623345556417,0.0,0.35263116727782085
135,2024-03-14 11:27:21.599051,grtusdt,0.0,0.0,0.4249596951487616,0.4458907269491861,0.14460769645101443,0.8213735592500133,0.30613861296649586,0.18725904232196797,0.5,0.343629521160984
211,2024-03-14 11:27:21.599051,omgusdt,0.5453615700657721,0.6329404060248854,0.33123472852473584,0.4458907269491861,0.2014975937733456,0.5085057874430025,0.4442384687968212,0.4820890183323272,0.2,0.3410445091661636
26,2024-03-14 11:27:21.599051,arkmusdt,0.5302225642510457,0.6329404060248854,0.5268836113284856,0.5035558913173731,0.45589778472034703,0.3012311048776687,0.49178856041996766,0.38144811464327016,0.3,0.3407240573216351
238,2024-03-14 11:27:21.599051,qntusdt,0.6105303054230757,0.0,0.3012311048776687,0.46299401197604795,0.4316685276277273,0.8733762566361686,0.44663336775678136,0.38033275702780184,0.3,0.3401663785139009
1,2024-03-14 11:27:21.599051,aaveusdt,0.4249596951487616,0.36499244712990936,0.46299401197604795,0.31985659128516275,0.19394324509623587,0.7418636782315013,0.4181016114779365,0.3780330133979978,0.3,0.33901650669899885
20,2024-03-14 11:27:21.599051,ampusdt,0.5,0.5,0.0,0.5257320721646369,0.0,0.7211789578410646,0.37448517166761697,0.5718874685502638,0.1,0.3359437342751319
60,2024-03-14 11:27:21.599051,c98usdt,0.5232000618668317,0.3012311048776687,0.4647515780348387,0.3300606164091181,0.41613772413505745,0.7211789578410646,0.45942667386076314,0.370855067966717,0.3,0.3354275339833585
10,2024-03-14 11:27:21.599051,agldusdt,0.5187033757312296,0.0,0.6118843418306279,0.3811270160495288,0.41144000454081053,0.8009352432816385,0.45401499690563923,0.2635168266706737,0.4,0.33175841333533684
95,2024-03-14 11:27:21.599051,dotusdt,0.0,0.46299401197604795,0.24823069459505737,0.36499244712990936,0.35612415198214015,0.8380057803468209,0.37839118100499597,0.5602188125365247,0.1,0.33010940626826235
167,2024-03-14 11:27:21.599051,kncusdt,0.0,0.0,0.0,0.0,0.0,1.0,0.16666666666666666,0.05005181372784528,0.6,0.32502590686392263
108,2024-03-14 11:27:21.599051,ethusdt,0.18361725033246787,0.6329404060248854,0.5063876038124965,0.2564340673918811,0.0,0.6968904912122579,0.3793783031289981,0.44310154526162043,0.2,0.3215507726308102
11,2024-03-14 11:27:21.599051,aiusdt,0.6679666288196674,0.46299401197604795,0.4358441080550665,0.6034088071256138,0.5164114456393445,0.3012311048776687,0.4979760177489016,0.3370030292961825,0.3,0.31850151464809123
121,2024-03-14 11:27:21.599051,forthusdt,0.5,0.5,0.0,0.5728619813717188,0.19394324509623587,0.6968904912122579,0.4106159529467021,0.6353682981614304,0.0,0.3176841490807152
27,2024-03-14 11:27:21.599051,arpausdt,0.5,0.0,0.5639404842944666,0.31985659128516275,0.37671888523951186,0.8380057803468208,0.4330869568609937,0.23395012399834852,0.4,0.31697506199917425
120,2024-03-14 11:27:21.599051,fluxusdt,0.0,0.46299401197604795,0.26781331644367035,0.39875402260912624,0.20966429849774934,0.7339693388390527,0.34553249806094105,0.43129530841659763,0.2,0.3156476542082988
241,2024-03-14 11:27:21.599051,rareusdt,0.0,0.0,0.46299401197604795,0.3466487334678323,0.0,0.8380057803468209,0.2746080876317835,0.12879786512914504,0.5,0.3143989325645725
89,2024-03-14 11:27:21.599051,dexeusdt,0.36499244712990936,0.5,0.22323593948492898,0.3763733971238631,0.06219633836352521,0.7752155604571888,0.3836689470932359,0.5216864673892737,0.1,0.31084323369463684
131,2024-03-14 11:27:21.599051,glmrusdt,0.0,0.5,0.6329404060248854,0.3811270160495288,0.4014061526595271,0.6830871439677716,0.43309345311695213,0.5110273209020724,0.1,0.3055136604510362
294,2024-03-14 11:27:21.599051,uftusdt,0.0,0.5347904274450132,0.0,0.5797405713428807,0.4256321006787857,0.6679666288196674,0.3680216213810579,0.6053676468481437,0.0,0.30268382342407185
195,2024-03-14 11:27:21.599051,minausdt,0.4249596951487616,0.3649924471299094,0.22744234518926915,0.39269993905329453,0.5143557715567479,0.8380057803468209,0.46040932973746723,0.6025490764950487,0.0,0.30127453824752437
153,2024-03-14 11:27:21.599051,iotausdt,0.5085057874430025,0.0,0.22323593948492898,0.5347904274450132,0.08124408952400966,0.8380057803468209,0.3642970040406292,0.29803196888536404,0.3,0.299015984442682
132,2024-03-14 11:27:21.599051,glmusdt,0.6105303054230756,0.0,0.5181658940596302,0.5453615700657721,0.3649924471299094,0.7070965719063546,0.4576911314307903,0.294811037619516,0.3,0.29740551880975796
307,2024-03-14 11:27:21.599051,voxelusdt,0.0,0.0,0.26633598567049016,0.6187456236871062,0.41613772413505745,0.8380057803468209,0.3565375189732458,0.3725407367409511,0.2,0.2862703683704756
155,2024-03-14 11:27:21.599051,iqusdt,0.0,0.5,0.0,0.5728619813717188,0.11326282483227375,0.7211789578410646,0.3178839606741762,0.5548156673524723,0.0,0.27740783367623617
310,2024-03-14 11:27:21.599051,wavesusdt,0.0,0.5,0.0,0.4338701531900567,0.0,0.7752155604571888,0.2848476189412075,0.44981512043426564,0.1,0.2749075602171328
82,2024-03-14 11:27:21.599051,cyberusdt,0.2564340673918811,0.6329404060248854,0.25267643560214903,0.596451529956287,0.4393980723767958,0.36499244712990936,0.42381549308031796,0.4440961007193388,0.1,0.2720480503596694
321,2024-03-14 11:27:21.599051,xnousdt,0.5,0.0,0.46299401197604795,0.5469059455963785,0.18693486775301002,0.8009352432816385,0.41629501143451253,0.3337060277129999,0.2,0.26685301385649995
158,2024-03-14 11:27:21.599051,joeusdt,0.5,0.0,0.0,0.5232000618668317,0.09728723136544365,0.8176286848441465,0.32301932967940367,0.2327271476923829,0.3,0.26636357384619147
86,2024-03-14 11:27:21.599051,dcrusdt,0.46299401197604795,0.5,0.46299401197604795,0.2770333213901827,0.0,0.4081934325836765,0.3518691296543259,0.11966249475408695,0.4,0.2598312473770435
84,2024-03-14 11:27:21.599051,dashusdt,0.14707448832077913,0.36499244712990936,0.49125928077404835,0.39269993905329453,0.3510596034007197,0.5347904274450132,0.380312697687294,0.21681404817765812,0.3,0.25840702408882904
13,2024-03-14 11:27:21.599051,alcxusdt,0.0,0.46299401197604795,0.24432273014535497,0.31985659128516275,0.22007033345139906,0.7752155604571888,0.33707653788585895,0.3993479615191015,0.1,0.24967398075955077
192,2024-03-14 11:27:21.599051,mdtusdt,0.0,0.0,0.4081934325836765,0.44958135207773414,0.36050376838941117,0.6329404060248854,0.3085364931792845,0.09794259372019633,0.4,0.24897129686009817
328,2024-03-14 11:27:21.599051,zenusdt,0.6329404060248854,0.5,0.0,0.1976482617586912,0.11326282483227375,0.596451529956287,0.3400505037620229,0.17902386284038668,0.3,0.23951193142019334
29,2024-03-14 11:27:21.599051,asrusdt,0.0,0.7211789578410646,0.24823069459505737,0.5085057874430025,0.3423473284555186,0.36499244712990936,0.36420920257742545,0.37132854505138735,0.1,0.23566427252569366
163,2024-03-14 11:27:21.599051,kdausdt,0.5921841193252533,0.46299401197604795,0.31498757485639794,0.3649924471299094,0.08526123106102375,0.6329404060248854,0.40889329839558625,0.3614295486708599,0.1,0.23071477433542997
303,2024-03-14 11:27:21.599051,vgxusdt,0.5661447055993138,0.3830082338954692,0.34967874742686045,0.5148317075606752,0.14962690033130013,0.46299401197604795,0.40438071779827783,0.25647106553227944,0.2,0.22823553276613973
244,2024-03-14 11:27:21.599051,reefusdt,0.0,0.5,0.0,0.596451529956287,0.06974310867369028,0.6329404060248854,0.29985584077581046,0.4561806911972832,0.0,0.2280903455986416
248,2024-03-14 11:27:21.599051,rifusdt,0.13551598429613013,0.36499244712990936,0.2564340673918811,0.5085057874430025,0.21290011702347353,0.7211789578410646,0.36658789352091015,0.45351548181225027,0.0,0.22675774090612513
216,2024-03-14 11:27:21.599051,ookiusdt,0.0,0.5,0.5,0.6202913019449843,0.0,0.36499244712990936,0.3308806248458156,0.2520518841900704,0.2,0.2260259420950352
151,2024-03-14 11:27:21.599051,injusdt,0.14707448832077913,0.2564340673918811,0.24203646198537515,0.39269993905329453,0.4425086832964951,0.8578583655614024,0.3897686676015379,0.45029817238535086,0.0,0.22514908619267543
245,2024-03-14 11:27:21.599051,reiusdt,0.0,0.5,0.0,0.492372569552543,0.0,0.6329404060248854,0.2708854959295714,0.3353524221167877,0.1,0.21767621105839385
123,2024-03-14 11:27:21.599051,frontusdt,0.0,0.0,0.0,0.6329404060248854,0.0,0.8213735592500133,0.24238566087914978,0.23389861501044795,0.2,0.21694930750522398
156,2024-03-14 11:27:21.599051,irisusdt,0.5347904274450132,0.0,0.38112701604952876,0.5187033757312296,0.4359797355911031,0.5519072635906807,0.40375130306792584,0.13167491682047877,0.3,0.21583745841023938
68,2024-03-14 11:27:21.599051,cityusdt,0.5519072635906807,0.484683856408542,0.42847959568195426,0.3853860339929223,0.08124408952400966,0.46299401197604795,0.3991158085290261,0.2311009040832683,0.2,0.21555045204163414
39,2024-03-14 11:27:21.599051,badgerusdt,0.46299401197604795,0.0,0.3800769296941246,0.48926799635516866,0.41167387980802145,0.8213735592500133,0.4275643961805627,0.3300594173091223,0.1,0.21502970865456117
69,2024-03-14 11:27:21.599051,ckbusdt,0.20966429849774934,0.0,0.4333356776762872,0.484683856408542,0.4287675503279258,0.7339693388390527,0.3817367869582595,0.21324433312902438,0.2,0.2066221665645122
236,2024-03-14 11:27:21.599051,pythusdt,0.0,0.5,0.0,0.4081934325836765,0.2298484588249283,0.6329404060248854,0.2951637162389151,0.3072767888496451,0.1,0.20363839442482257
305,2024-03-14 11:27:21.599051,vidtusdt,0.14707448832077913,0.36499244712990936,0.4414433118109909,0.5563590573844217,0.42636069276444066,0.46299401197604795,0.39987066823109824,0.28292336174326976,0.1,0.1914616808716349
139,2024-03-14 11:27:21.599051,hftusdt,0.47000499804130813,0.6329404060248854,0.46299401197604795,0.4180905826880651,0.44392287270689607,0.0,0.40465881190620046,0.07572033549575609,0.3,0.18786016774787803
92,2024-03-14 11:27:21.599051,diausdt,0.4249596951487616,0.0,0.26633598567049016,0.5085057874430025,0.42362123753571757,0.7752155604571888,0.3997730443758601,0.27319602912605023,0.1,0.1865980145630251
90,2024-03-14 11:27:21.599051,dfusdt,0.5687095460100484,0.46299401197604795,0.26781331644367035,0.6329404060248854,0.19037457732838714,0.4081934325836765,0.4218375483944526,0.36701302362010524,0.0,0.18350651181005262
102,2024-03-14 11:27:21.599051,enjusdt,0.12564185895352617,0.5,0.24902733761047127,0.4081934325836765,0.14962690033130013,0.5347904274450132,0.32787999282066455,0.2524658078247088,0.1,0.1762329039123544
130,2024-03-14 11:27:21.599051,ghstusdt,0.12564185895352617,0.0,0.5085057874430025,0.3466487334678323,0.41809058268806504,0.5347904274450132,0.32227956499957316,0.051186479148467794,0.3,0.1755932395742339
114,2024-03-14 11:27:21.599051,fiousdt,0.34093715092010113,0.36499244712990936,0.2564340673918811,0.5085057874430025,0.429368700658047,0.5639404842944666,0.41069643963956787,0.3490415086418475,0.0,0.17452075432092376
96,2024-03-14 11:27:21.599051,duskusdt,0.0,0.2564340673918811,0.23868617645242945,0.46299401197604795,0.24053590686613388,0.7752155604571888,0.3289776205239469,0.34515808210108834,0.0,0.17257904105054417
83,2024-03-14 11:27:21.599051,darusdt,0.0,0.5,0.2770333213901827,0.3811270160495288,0.1944640059786436,0.5347904274450132,0.31456912847722807,0.2267052834034857,0.1,0.16335264170174285
193,2024-03-14 11:27:21.599051,mdxusdt,0.0,0.5,0.6830871439677716,0.3012311048776687,0.10966131502808192,0.4081934325836765,0.33369549940953314,0.12479042129975078,0.2,0.1623952106498754
0,2024-03-14 11:27:21.599051,1inchusdt,0.11710893008602932,0.46299401197604795,0.24432273014535497,0.5085057874430025,0.2298484588249283,0.5347904274450132,0.349595057653396,0.32171174622380627,0.0,0.16085587311190314
203,2024-03-14 11:27:21.599051,nexousdt,0.521317001910327,0.0,0.530716264302044,0.3649924471299094,0.11326282483227375,0.6968904912122579,0.37119650489780204,0.12009312633773571,0.2,0.16004656316886787
118,2024-03-14 11:27:21.599051,flokiusdt,0.0,0.5,0.5,0.12564185895352617,0.0,0.5896528582758831,0.2858824528715682,0.11665784458237718,0.2,0.1583289222911886
99,2024-03-14 11:27:21.599051,eduusdt,0.46299401197604795,0.46299401197604795,0.27157935406824607,0.484683856408542,0.3910038201688734,0.46299401197604795,0.4227081777623009,0.3166172003657946,0.0,0.1583086001828973
129,2024-03-14 11:27:21.599051,gftusdt,0.0,0.3012311048776687,0.26295145895209376,0.5148317075606752,0.38354914055059186,0.6329404060248854,0.34925063632765246,0.3090721788566256,0.0,0.1545360894283128
301,2024-03-14 11:27:21.599051,vanryusdt,0.5,0.5,0.0,0.3853860339929223,0.0,0.36499244712990936,0.29172974685380526,0.10621009069013,0.2,0.153105045345065
133,2024-03-14 11:27:21.599051,gmtusdt,0.396461992052301,0.36499244712990936,0.24724202986601862,0.5797405713428808,0.3791551765913994,0.46299401197604795,0.4050977048264262,0.29830391330238576,0.0,0.14915195665119288
285,2024-03-14 11:27:21.599051,tkousdt,0.0,0.0,0.3300606164091181,0.5687095460100484,0.0,0.7752155604571888,0.2789976204793925,0.1961879444023874,0.1,0.1480939722011937
40,2024-03-14 11:27:21.599051,balusdt,0.24724202986601862,0.7752155604571888,0.39832559387744343,0.46299401197604795,0.08320420110192837,0.0,0.32783023287977114,0.09060406451437016,0.2,0.14530203225718508
91,2024-03-14 11:27:21.599051,dgbusdt,0.46299401197604795,0.0,0.39875402260912624,0.5469059455963785,0.36499244712990936,0.6329404060248854,0.4010978055560579,0.18832453212368575,0.1,0.14416226606184288
270,2024-03-14 11:27:21.599051,stgusdt,0.0,0.46299401197604795,0.3012311048776687,0.36499244712990936,0.15226946890803966,0.36499244712990936,0.2744132466702625,0.0879055104130081,0.2,0.14395275520650405
288,2024-03-14 11:27:21.599051,troyusdt,0.4963091340907632,0.0,0.6329404060248854,0.6454090150250418,0.11451647939335295,0.36499244712990936,0.37569458027732544,0.08022107328260067,0.2,0.14011053664130035
87,2024-03-14 11:27:21.599051,degousdt,0.6329404060248854,0.0,0.0,0.43939807237679585,0.0,0.6329404060248854,0.28421314740442777,0.07662986402205638,0.2,0.13831493201102818
37,2024-03-14 11:27:21.599051,avaxusdt,0.0,0.0,0.3012311048776687,0.2564340673918811,0.11326282483227375,0.8009352432816385,0.24531054006391032,0.07513830875352213,0.2,0.13756915437676107
300,2024-03-14 11:27:21.599051,utkusdt,0.0,0.0,0.36499244712990936,0.7211789578410646,0.0,0.4249596951487616,0.2518551833532892,0.07359317143153418,0.2,0.13679658571576708
112,2024-03-14 11:27:21.599051,fidausdt,0.39269993905329453,0.0,0.3012311048776687,0.43939807237679585,0.11326282483227375,0.7752155604571888,0.33696791693287026,0.172083228016522,0.1,0.136041614008261
22,2024-03-14 11:27:21.599051,apeusdt,0.5797405713428807,0.6830871439677716,0.43261417474658437,0.5701560333893756,0.42308101840897255,0.0,0.44811315697593074,0.16573369475354557,0.1,0.1328668473767728
14,2024-03-14 11:27:21.599051,algousdt,0.4081934325836765,0.0,0.22323593948492898,0.36499244712990936,0.2014975937733456,0.8176286848441465,0.3359246829693345,0.16301410259536683,0.1,0.13150705129768342
75,2024-03-14 11:27:21.599051,creamusdt,0.26980877494998373,0.0,0.46299401197604795,0.31985659128516275,0.10310433112865372,0.6329404060248854,0.2981173525607889,0.05898238362263361,0.2,0.1294911918113168
250,2024-03-14 11:27:21.599051,rndrusdt,0.46299401197604795,0.0,0.26980877494998373,0.4458907269491861,0.35558417070983467,0.6968904912122579,0.37186136263288505,0.15711687839871405,0.1,0.12855843919935703
19,2024-03-14 11:27:21.599051,altusdt,0.46299401197604795,0.0,0.36959431341453813,0.3853860339929223,0.510809087537002,0.6968904912122579,0.40427898968879467,0.15494125869444805,0.1,0.12747062934722403
191,2024-03-14 11:27:21.599051,mboxusdt,0.46299401197604795,0.0,0.5519072635906807,0.35016847215680597,0.18361725033246787,0.46299401197604795,0.335280168338675,0.0387717145830787,0.2,0.11938585729153936
173,2024-03-14 11:27:21.599051,linausdt,0.5347904274450133,1.0,0.2454821380948148,0.3012311048776687,0.20966429849774934,0.0,0.381861328152541,0.13582111125008506,0.1,0.11791055562504253
148,2024-03-14 11:27:21.599051,idusdt,1.0,0.0,0.0,0.5148317075606752,0.0,0.6329404060248854,0.3579620189309268,0.1310876559320251,0.1,0.11554382796601255
16,2024-03-14 11:27:21.599051,alpacausdt,0.22323593948492898,0.0,0.5639404842944666,0.36499244712990936,0.3012311048776687,0.36499244712990936,0.3030654038194805,0.02397453530538982,0.2,0.11198726765269491
237,2024-03-14 11:27:21.599051,qiusdt,0.0,0.0,0.2564340673918811,0.5489787707381725,0.3012311048776687,0.7752155604571888,0.31364325057748516,0.2209926133226742,0.0,0.1104963066613371
224,2024-03-14 11:27:21.599051,pepeusdt,0.31985659128516275,0.5,0.13551598429613013,0.0,0.0,0.6968904912122579,0.2753771777989251,0.11148611711243045,0.1,0.10574305855621523
197,2024-03-14 11:27:21.599051,mlnusdt,0.2564340673918811,0.46299401197604795,0.6830871439677716,0.36499244712990936,0.11326282483227375,0.46299401197604795,0.39062741787898864,0.2056101760352526,0.0,0.1028050880176263
251,2024-03-14 11:27:21.599051,roninusdt,0.0,0.5,0.5,0.11710893008602932,0.15226946890803966,0.6830871439677716,0.3254109238269734,0.19292880881687988,0.0,0.09646440440843994
17,2024-03-14 11:27:21.599051,alphausdt,0.26980877494998373,0.0,0.18693486775301002,0.4338701531900567,0.10011134992360878,0.8380057803468208,0.30478848769391337,0.1858756251746681,0.0,0.09293781258733405
21,2024-03-14 11:27:21.599051,ankrusdt,0.0,0.0,0.5639404842944666,0.5,0.0,0.596451529956287,0.27673200237512563,0.08195986779590875,0.1,0.09097993389795438
170,2024-03-14 11:27:21.599051,laziousdt,0.5347904274450132,0.0,0.29195787392384903,0.5701560333893756,0.3987540226091262,0.4249596951487616,0.3701030087526876,0.08065157040380726,0.1,0.09032578520190362
325,2024-03-14 11:27:21.599051,xvsusdt,0.0,0.0,0.14707448832077913,0.2564340673918811,0.06974310867369028,0.8009352432816385,0.2123644846113315,0.06380750048155691,0.1,0.08190375024077845
306,2024-03-14 11:27:21.599051,viteusdt,0.1773231813595083,0.0,0.4414433118109909,0.3012311048776687,0.06452366646638627,0.6679666288196674,0.27541464888903694,0.05755912669784236,0.1,0.07877956334892118
172,2024-03-14 11:27:21.599051,leverusdt,0.36499244712990936,0.0,0.24432273014535497,0.4300060380716306,0.1944640059786436,0.7418636782315013,0.32927481659283997,0.1453398385218463,0.0,0.07266991926092314
177,2024-03-14 11:27:21.599051,lptusdt,0.0,0.0,0.26633598567049016,0.4081934325836765,0.36050376838941117,0.7752155604571888,0.30170812451679446,0.1433815672879458,0.0,0.0716907836439729
277,2024-03-14 11:27:21.599051,sunusdt,0.44795921323252513,0.0,0.1976482617586912,0.0,0.0,0.8578583655614024,0.25057764009210315,0.040634983671863925,0.1,0.07031749183593197
64,2024-03-14 11:27:21.599051,cfxusdt,0.521317001910327,0.0,0.529318339479353,0.3811270160495288,0.42495969514876153,0.36499244712990936,0.37028574995297997,0.034908857368527176,0.1,0.06745442868426359
115,2024-03-14 11:27:21.599051,firousdt,0.4963091340907632,0.0,0.3649924471299094,0.31498757485639794,0.08124408952400966,0.5085057874430025,0.29433983884068043,0.033497063678166544,0.1,0.06674853183908327
280,2024-03-14 11:27:21.599051,sxpusdt,0.46299401197604795,0.3012311048776687,0.5781729414716041,0.4249596951487616,0.2043402096106799,0.4081934325836765,0.3966485659447398,0.13123247415288303,0.0,0.06561623707644151
229,2024-03-14 11:27:21.599051,polyxusdt,0.13551598429613013,0.0,0.2014975937733456,0.4249596951487616,0.2014975937733456,0.7620390587093644,0.28758498761682455,0.13080374068752,0.0,0.06540187034376
201,2024-03-14 11:27:21.599051,nearusdt,0.0,0.0,0.0,0.46299401197604795,0.11326282483227375,0.8009352432816385,0.2295320133483267,0.1304171881055793,0.0,0.06520859405278966
106,2024-03-14 11:27:21.599051,ernusdt,0.6329404060248854,0.0,0.0,0.12564185895352617,0.0,0.6741847352206011,0.2387945000331688,0.026530071503004286,0.1,0.06326503575150215
119,2024-03-14 11:27:21.599051,flowusdt,0.0,0.0,0.22323593948492898,0.0,0.08320420110192837,0.7913875241923478,0.18297127746320085,0.023223898192849448,0.1,0.06161194909642473
36,2024-03-14 11:27:21.599051,avausdt,0.0,0.0,0.0,0.0,0.0,0.8117073990089864,0.13528456650149773,0.01966404931973861,0.1,0.05983202465986931
196,2024-03-14 11:27:21.599051,mkrusdt,0.0,0.0,0.0,0.0,0.15226946890803966,0.7510963086316959,0.15056096292328924,0.016794122051239632,0.1,0.05839706102561982
164,2024-03-14 11:27:21.599051,keyusdt,0.4458907269491861,0.0,0.5312089277606519,0.0,0.3170560254938257,0.4081934325836765,0.28372485213122334,0.007617435078088012,0.1,0.05380871753904401
210,2024-03-14 11:27:21.599051,ogusdt,0.5134821665750022,0.5912079897422625,0.5047958177540441,0.5347904274450133,0.4378043453642438,0.0,0.43034679114676094,0.10733607225699049,0.0,0.053668036128495245
4,2024-03-14 11:27:21.599051,achusdt,0.0,0.0,0.4081934325836765,0.12564185895352617,0.1703173736056532,0.36499244712990936,0.17819085204546084,0.005764326382834497,0.1,0.05288216319141725
330,2024-03-14 11:27:21.599051,zrxusdt,0.0,0.0,0.0,0.46299401197604795,0.0,0.7752155604571888,0.20636826207220613,0.10518403141670231,0.0,0.052592015708351154
12,2024-03-14 11:27:21.599051,akrousdt,0.5550422687464635,0.6513309660195432,0.47866763302530657,0.5489787707381725,0.08124408952400966,0.0,0.3858772880089159,0.10406060923860894,0.0,0.05203030461930447
304,2024-03-14 11:27:21.599051,vicusdt,0.0,0.0,0.0,0.1976482617586912,0.10628178694158076,0.3012311048776687,0.1008601922629901,0.0037293559719996086,0.1,0.05186467798599981
137,2024-03-14 11:27:21.599051,hardusdt,0.0,0.0,0.0,0.5347904274450132,0.11326282483227375,0.6830871439677716,0.22185673270750975,0.09988516380736039,0.0,0.04994258190368019
127,2024-03-14 11:27:21.599051,galusdt,0.0,0.0,0.0,0.3012311048776687,0.4402610485743068,0.8009352432816385,0.2570712327889357,0.09466854357570478,0.0,0.04733427178785239
7,2024-03-14 11:27:21.599051,adxusdt,0.13551598429613013,0.46299401197604795,0.2564340673918811,0.0,0.284655409385431,0.6329404060248854,0.2954233131790626,0.09016697357338668,0.0,0.04508348678669334
63,2024-03-14 11:27:21.599051,celrusdt,0.0,0.6329404060248854,0.2620001936295866,0.0,0.0,0.5519072635906807,0.24114131054085877,0.08277673018356481,0.0,0.041388365091782404
291,2024-03-14 11:27:21.599051,tusdt,0.22323593948492898,0.0,0.2564340673918811,0.5085057874430025,0.37696110455649057,0.5347904274450132,0.3166545543868861,0.08169516611576584,0.0,0.04084758305788292
93,2024-03-14 11:27:21.599051,dodousdt,0.0,0.0,0.23868617645242945,0.46299401197604795,0.0,0.6741847352206011,0.22931082060817976,0.07917478546169981,0.0,0.03958739273084991
267,2024-03-14 11:27:21.599051,solusdt,0.0,0.0,0.26295145895209376,0.36499244712990936,0.0,0.7418636782315013,0.22830126405225074,0.0758941561281207,0.0,0.03794707806406035
109,2024-03-14 11:27:21.599051,farmusdt,0.5347904274450132,0.0,0.0,0.2564340673918811,0.09461807680070486,0.7752155604571888,0.27684302201579797,0.07492918610305581,0.0,0.037464593051527904
61,2024-03-14 11:27:21.599051,cakeusdt,0.0,0.0,0.0,0.6329404060248854,0.0,0.5347904274450132,0.19462180557831643,0.06560088967132632,0.0,0.03280044483566316
46,2024-03-14 11:27:21.599051,belusdt,1.0,0.0,0.5639404842944666,0.6329404060248854,0.11326282483227375,0.2564340673918811,0.42776296375725115,0.061429556666918274,0.0,0.030714778333459137
42,2024-03-14 11:27:21.599051,barusdt,0.396461992052301,0.0,0.3133973446704257,0.4338701531900567,0.1773231813595083,0.5347904274450132,0.3093071831195508,0.06003560585077301,0.0,0.030017802925386507
180,2024-03-14 11:27:21.599051,ltcusdt,0.22323593948492898,0.46299401197604795,0.13039225606259908,0.6329404060248854,0.4366730288696486,0.0,0.314372607069685,0.058594784792912906,0.0,0.029297392396456453
204,2024-03-14 11:27:21.599051,nknusdt,0.5,0.0,0.0,0.3012311048776687,0.39269993905329453,0.6329404060248854,0.30447857499264147,0.05806844826188322,0.0,0.02903422413094161
240,2024-03-14 11:27:21.599051,radusdt,0.1773231813595083,0.0,0.24724202986601862,0.46299401197604795,0.36050376838941117,0.5085057874430025,0.2927614631723314,0.05702158313691435,0.0,0.028510791568457174
141,2024-03-14 11:27:21.599051,highusdt,0.4249596951487616,0.0,0.24724202986601862,0.39269993905329453,0.4152141892721247,0.5085057874430025,0.33143694013053365,0.05415454770879948,0.0,0.02707727385439974
80,2024-03-14 11:27:21.599051,cvpusdt,0.36499244712990936,0.0,0.23868617645242945,0.39875402260912624,0.13823187628497363,0.5519072635906807,0.28209529767785324,0.05029621575073179,0.0,0.025148107875365894
55,2024-03-14 11:27:21.599051,bondusdt,0.5127056517863063,0.2564340673918811,0.29195787392384903,0.14707448832077913,0.4045104793792859,0.46299401197604795,0.3459460954630249,0.048403010641807465,0.0,0.024201505320903732
142,2024-03-14 11:27:21.599051,hiveusdt,0.0,0.0,0.23868617645242945,0.4814617136350698,0.06974310867369028,0.5347904274450132,0.2207802377010338,0.046451460432150135,0.0,0.023225730216075068
2,2024-03-14 11:27:21.599051,acausdt,0.0,0.0,0.0,0.3012311048776687,0.20093853487577779,0.6830871439677716,0.19754279728686966,0.043172670196961666,0.0,0.021586335098480833
48,2024-03-14 11:27:21.599051,bicousdt,0.0,0.0,0.0,0.4081934325836765,0.0,0.6329404060248854,0.17352230643476033,0.04302167738611,0.0,0.021510838693055
298,2024-03-14 11:27:21.599051,usdcusdt,0.0,0.0,0.24432273014535497,0.3300606164091181,0.5542249046556292,0.5347904274450132,0.2772331131091859,0.039983570206742446,0.0,0.019991785103371223
110,2024-03-14 11:27:21.599051,fdusdusdt,0.528847793245917,0.5,0.0,0.0,0.5513057146792633,0.3012311048776687,0.3135641021338082,0.028776978925072142,0.0,0.014388489462536071
32,2024-03-14 11:27:21.599051,atmusdt,0.6329404060248854,0.0,0.5085057874430025,0.284655409385431,0.19037457732838714,0.4249596951487616,0.34023931255507794,0.027020596879570462,0.0,0.013510298439785231
134,2024-03-14 11:27:21.599051,gmxusdt,0.5844948839749905,0.4338701531900567,0.39795379478871096,0.36499244712990936,0.36959431341453813,0.0,0.35848426541636763,0.026866742599298925,0.0,0.013433371299649463
269,2024-03-14 11:27:21.599051,ssvusdt,0.5,0.0,0.0,0.16078855431708536,0.19037457732838714,0.5896528582758831,0.24013599832022595,0.021859363331884114,0.0,0.010929681665942057
286,2024-03-14 11:27:21.599051,tlmusdt,0.0,0.0,0.24203646198537515,0.1976482617586912,0.36499244712990936,0.5519072635906807,0.22609740574410941,0.021071826483860606,0.0,0.010535913241930303
54,2024-03-14 11:27:21.599051,bnxusdt,0.0,0.5,0.0,0.5035558913173731,0.0,0.0,0.1672593152195622,0.02016962256647567,0.0,0.010084811283237835
178,2024-03-14 11:27:21.599051,lrcusdt,0.0,0.0,0.0,0.46299401197604795,0.0,0.4249596951487616,0.1479922845208016,0.019126432742684933,0.0,0.009563216371342467
58,2024-03-14 11:27:21.599051,btcusdt,0.5701560333893756,0.5,0.335124826629681,0.3012311048776687,0.0,0.0,0.28441866081612094,0.01771158968805819,0.0,0.008855794844029095
215,2024-03-14 11:27:21.599051,ontusdt,0.1976482617586912,0.0,0.3012311048776687,0.0,0.18361725033246787,0.6741847352206011,0.22611355869823813,0.017571574197393722,0.0,0.008785787098696861
49,2024-03-14 11:27:21.599051,bifiusdt,0.0,0.0,0.4081934325836765,0.0,0.18041533794819944,0.6329404060248854,0.2035915294261269,0.013431343133448086,0.0,0.006715671566724043
162,2024-03-14 11:27:21.599051,kavausdt,0.0,0.0,0.2770333213901827,0.3012311048776687,0.08526123106102375,0.36499244712990936,0.1714196840764641,0.009897487426244488,0.0,0.004948743713122244
234,2024-03-14 11:27:21.599051,psgusdt,0.36499244712990936,0.0,0.46299401197604795,0.6478017719875165,0.0,0.0,0.24596470518224564,0.009374041860528067,0.0,0.004687020930264033
143,2024-03-14 11:27:21.599051,hookusdt,0.5148317075606752,0.0,0.3012311048776687,0.23868617645242945,0.20966429849774934,0.0,0.2107355478980871,0.0020117342279067597,0.0,0.0010058671139533799
