,last_calculation,market,last_slope,last_slope_adi,aroon_up,aroon_down,aroon_diff,macd_diff,macd_line,macd_signal,stochastic,stochastic_signal,delta_stochastic,rsi_val,coef_corr,last_slope_btc
0,3/8/2024,1INCHUSDT,3.10681058,0.306093096,96,0,96,2.591267709,11.604379,9.013111288,86.25254582,91.95238054,-5.699834714,70.73519576,0.448768282,1.150705268
1,3/8/2024,AAVEUSDT,2.730850403,0.597511878,100,0,100,3.250810624,10.30634415,7.055533522,82.4982683,93.66238184,-11.16411354,70.32474328,0.857666049,1.150705268
2,3/8/2024,ACAUSDT,2.473462316,0.455136793,80,36,44,1.352612658,7.175834126,5.823221468,59.19854281,58.54563299,0.652909815,62.49273142,0.652706587,1.150705268
3,3/8/2024,ACEUSDT,1.888034023,101.5303326,84,0,84,0.845454217,10.50940843,9.663954211,70.79439761,68.67142882,2.122968793,60.79586487,0.499572135,1.76432196
4,3/8/2024,ACHUSDT,1.486491058,-0.241926143,96,0,96,1.435127322,9.022756948,7.587629626,80.5907173,76.03010887,4.560608428,71.30679967,0.018786775,1.150705268
5,3/8/2024,ACMUSDT,1.542145814,0.554094779,76,0,76,0.927671028,8.358656404,7.430985376,46.46074646,46.54117086,-0.0804244,69.1110007,-0.051980403,1.150705268
6,3/8/2024,ADAUSDT,2.678658047,0.203253889,84,0,84,1.225476756,9.121774327,7.896297571,75.84097859,74.65875927,1.182219322,65.99293075,0.88263345,1.150705268
7,3/8/2024,ADXUSDT,1.80819831,0.697042938,44,0,44,1.148735101,10.17894884,9.030213739,80.66037736,55.20727082,25.45310654,65.04846832,0.686291293,1.150705268
8,3/8/2024,AERGOUSDT,1.331643325,0.930184667,84,4,80,0.619798329,7.339890018,6.720091688,48.77250409,47.46317512,1.309328969,64.5811025,0.756092716,1.28335639
9,3/8/2024,AGIXUSDT,3.113935627,0.233507102,96,0,96,2.914708565,17.04060982,14.12590125,83.11289346,88.56875184,-5.455858376,74.88596891,0.644345596,1.150705268
10,3/8/2024,AGLDUSDT,0.985165967,0.341326708,88,4,84,0.095982127,5.790475827,5.6944937,55.78231293,54.30839002,1.473922902,57.46534012,0.930031809,1.150705268
11,3/8/2024,AIUSDT,1.960568617,-74.92743989,96,88,8,1.598317775,11.47790308,9.8795853,73.93075356,78.52083038,-4.590076812,64.45092469,0.846149894,1.233423408
12,3/8/2024,AKROUSDT,1.64125435,-0.171761754,88,0,88,1.213127438,4.285370132,3.072242694,53.54884048,55.29432266,-1.745482181,80.7455248,-0.110399018,1.150705268
13,3/8/2024,ALCXUSDT,1.294070769,0.433337413,44,0,44,0.545461322,7.414910868,6.869449547,80.65789474,63.14675243,17.51114231,63.58549588,0.781888049,1.150705268
14,3/8/2024,ALGOUSDT,4.376526642,0.915749521,96,4,92,2.978377244,11.40812666,8.429749414,90.11627907,92.69342799,-2.577148917,73.15797626,0.533483909,1.150705268
15,3/8/2024,ALICEUSDT,0.427752507,0.447786667,64,0,64,1.281485655,13.92696977,12.64548412,83.02808303,79.77410349,3.253979541,72.33344773,0.416038915,1.150705268
16,3/8/2024,ALPACAUSDT,0.881480822,0.805010327,88,4,84,0.837699636,5.399681243,4.561981608,84.30493274,80.20060084,4.104331891,63.42012645,0.029594883,1.150705268
17,3/8/2024,ALPHAUSDT,2.569244283,0.475108167,88,0,88,0.885090236,14.34458449,13.45949425,84.5045045,82.084794,2.419710509,69.63969341,0.532064375,1.150705268
18,3/8/2024,ALPINEUSDT,0.649964097,0.363716978,76,0,76,0.404675961,3.780393048,3.375717087,72.39915074,70.04841572,2.350735028,68.95844534,-0.029320348,1.150705268
19,3/8/2024,ALTUSDT,0.083837681,168.0414621,60,0,60,-0.579667083,12.22940518,12.80907227,68.43373494,61.96144578,6.472289157,62.64213538,0.754352212,4.341912361
20,3/8/2024,AMPUSDT,0.29332108,0.589759555,40,4,36,-0.189678011,7.96066452,8.150342531,77.88778878,60.59033186,17.29745692,62.17780764,0.607601969,1.150705268
21,3/8/2024,ANKRUSDT,3.805269662,-0.391033593,96,4,92,4.007599623,15.13013104,11.12253141,76.96078431,79.95896833,-2.998184017,81.28321113,0.425600165,1.150705268
22,3/8/2024,APEUSDT,0.889848918,0.513059646,76,0,76,0.384379231,4.945259172,4.560879941,66.89734717,67.10601486,-0.208667688,63.41837498,-0.314746329,1.150705268
23,3/8/2024,API3USDT,-1.007398145,-0.537658762,12,88,-76,-2.255209279,1.348108417,3.603317697,60.1863354,56.08695652,4.099378882,50.9772736,0.836271303,1.150705268
24,3/8/2024,APTUSDT,3.634912482,-0.193973841,92,0,92,2.984796326,12.05476908,9.069972757,80.50265461,80.69561948,-0.192964873,70.01293556,0.377941978,1.150705268
25,3/8/2024,ARBUSDT,0.371936702,0.756601721,100,44,56,1.520427233,3.547656685,2.027229452,90.27919299,84.13159577,6.147597217,66.6247495,0.762940956,1.283555052
26,3/8/2024,ARKMUSDT,3.928205904,1.620359826,96,0,96,2.488567225,19.2493309,16.76076367,81.49593496,88.03781702,-6.541882065,70.15500958,0.774646631,1.275854135
27,3/8/2024,ARPAUSDT,0.781753481,0.975567227,84,0,84,0.213475547,3.321311829,3.107836283,67.6869261,63.62046349,4.066462615,58.82421915,0.582895425,1.150705268
28,3/8/2024,ARUSDT,4.186049702,1.038664743,92,0,92,4.464878539,19.14475177,14.67987323,92.47367258,89.95016815,2.523504431,84.9641766,0.796523014,1.150705268
29,3/8/2024,ASRUSDT,2.684818519,0.513583522,76,0,76,1.719412747,8.102153864,6.382741117,29.01342674,29.74788974,-0.734463006,63.91219524,0.015303968,1.150705268
30,3/8/2024,ASTRUSDT,-0.740167577,-0.324545763,4,88,-84,-0.46762795,-2.782734753,-2.315106803,51.87032419,53.03408146,-1.163757273,43.30260288,0.821914629,1.150705268
31,3/8/2024,ATAUSDT,-1.912111856,0.32646666,88,0,88,-0.849111994,10.7497385,11.5988505,67.0433145,65.4850264,1.558288099,62.51465358,0.102066,1.150705268
32,3/8/2024,ATMUSDT,2.792196947,1.002159483,76,0,76,2.441667819,10.0878337,7.646165879,85.17887564,84.95081711,0.228058527,71.33470132,0.169644283,1.150705268
33,3/8/2024,ATOMUSDT,3.549692043,-0.282144262,96,0,96,3.432071746,11.55078338,8.11871163,81.60132753,88.59888736,-6.997559832,71.98834781,0.371059234,1.150705268
34,3/8/2024,AUCTIONUSDT,-0.781492805,-0.512904004,28,88,-60,-1.045781104,-0.870067526,0.175713578,56.98852127,54.3101508,2.67837047,47.18991182,0.857738569,1.150705268
35,3/8/2024,AUDIOUSDT,2.290557625,0.322397768,80,0,80,0.528643299,11.4475898,10.91894651,50.11086475,50.00076237,0.110102374,61.82523001,0.244030638,1.150705268
36,3/8/2024,AVAXUSDT,0.557176556,0.757387169,88,88,0,0.448785349,3.48539391,3.036608561,82.31884058,76.07085346,6.247987118,59.76177836,0.880398844,1.150705268
37,3/8/2024,AVAUSDT,6.336841824,0.590828712,84,4,80,5.030484472,14.92523803,9.894753559,56.10574906,56.53292324,-0.427174186,76.85746483,0.572549392,1.150705268
38,3/8/2024,AXSUSDT,1.317780698,0.513831124,80,4,76,2.047255924,11.47335591,9.426099987,76.41221374,75.08101984,1.331193903,67.63865075,0.559475564,1.150705268
39,3/8/2024,BADGERUSDT,0.858546951,0.567238878,76,0,76,1.485854704,11.79874604,10.31289134,58.30977066,54.28650132,4.023269341,64.76445258,0.864968366,1.150705268
40,3/8/2024,BALUSDT,1.957003123,0.8157283,96,0,96,1.892592559,9.894226106,8.001633547,95.42403905,95.34630257,0.077736481,82.58328191,-0.142228819,1.150705268
41,3/8/2024,BANDUSDT,2.333281723,1.346606947,96,4,92,1.484368826,9.03039309,7.546024264,77.30138714,74.72612559,2.575261552,66.83306794,0.725000683,1.150705268
42,3/8/2024,BARUSDT,0.294490447,0.096027513,88,0,88,0.641515028,3.373169401,2.731654373,38.18181818,40.2037128,-2.021894613,67.19489258,-0.249871593,1.150705268
43,3/8/2024,BATUSDT,3.373950741,1.009903158,76,0,76,2.963951338,13.38906206,10.42511072,83.33333333,82.09362568,1.239707651,68.34490176,0.609486247,1.150705268
44,3/8/2024,BCHUSDT,3.873122121,0.397642747,80,36,44,2.611405929,12.01302365,9.40161772,63.4082397,61.81656861,1.591671087,67.28402195,0.713136227,1.150705268
45,3/8/2024,BEAMXUSDT,1.349930127,5.97457737,88,0,88,0.467808508,11.19446699,10.72665848,83.3850561,78.46210976,4.922946341,68.46035973,0.935703953,1.557838433
46,3/8/2024,BELUSDT,2.715947477,0.832038255,88,0,88,1.66206289,14.61476551,12.95270262,85.21772345,79.7924757,5.425247751,68.57997292,0.416745726,1.150705268
47,3/8/2024,BETAUSDT,2.356807831,0.532506204,88,0,88,1.635292746,11.32055965,9.685266901,63.53880022,62.96275549,0.576044726,67.42370022,-0.193902163,1.150705268
48,3/8/2024,BICOUSDT,3.970971708,0.853111843,76,64,12,3.275134866,11.18137762,7.90624275,84.52,81.85333333,2.666666667,70.7967373,0.625327086,1.150705268
49,3/8/2024,BIFIUSDT,0.906465027,0.894981168,100,0,100,2.070273419,5.582074702,3.511801283,91.79415855,91.29678979,0.497368764,65.03242018,-0.211624829,1.150705268
50,3/8/2024,BLURUSDT,-3.085889833,-7.33435645,48,88,-40,-2.930096071,0.862304687,3.792400758,49.8136225,49.70066644,0.11295606,48.41899862,0.616847701,1.626755964
51,3/8/2024,BLZUSDT,-0.705410808,0.201288226,24,88,-64,-1.486356663,0.563784951,2.050141614,52.00372787,50.04659832,1.957129543,48.60161127,0.859228448,1.150705268
52,3/8/2024,BNBUSDT,1.695781101,0.964035253,100,0,100,1.908041593,10.87014649,8.9621049,94.96284063,95.46571239,-0.502871763,74.81404739,0.551455918,1.150705268
53,3/8/2024,BNTUSDT,0.568287171,0.752107528,88,36,52,0.723112098,3.982738378,3.259626279,93.43257443,89.57968476,3.852889667,66.18344832,0.835340861,1.150705268
54,3/8/2024,BNXUSDT,1.458509576,1.119296718,100,0,100,1.383759856,4.334069743,2.950309886,98.57278782,94.3929012,4.179886618,74.25729598,-0.187457222,1.150705268
55,3/8/2024,BONDUSDT,0.571504949,0.311027193,8,88,-80,0.095691566,2.656068395,2.560376829,78.63321799,73.67358708,4.959630911,58.19667861,0.300971468,1.150705268
56,3/8/2024,BONKUSDT,2.893495875,-55.04883363,84,48,36,3.970976715,17.12652678,13.15555007,50.29745809,48.26933478,2.02812331,65.60154346,0.664777688,1.7574632
57,3/8/2024,BSWUSDT,0.750628998,0.822164491,96,0,96,0.372368716,6.546677066,6.17430835,90.13157895,82.57229041,7.559288538,68.46688059,0.008297857,1.150705268
58,3/8/2024,BTCUSDT,1.150705268,0.749443746,88,0,88,1.255334173,10.16814019,8.912806019,88.3160467,86.90066611,1.415380594,73.3615986,1.0,1.150705268
59,3/8/2024,BTTCUSDT,4.181604809,-0.28900541,88,4,84,3.41935645,13.02569874,9.606342295,58.11965812,59.54415954,-1.424501425,69.95819071,0.838069958,1.150705268
60,3/8/2024,C98USDT,1.443055912,0.894682349,76,0,76,-0.288980302,10.56540957,10.85438988,81.20356612,77.9346211,3.268945022,63.87735161,0.748288594,1.150705268
61,3/8/2024,CAKEUSDT,1.314445341,1.020290688,96,0,96,1.033426659,6.524957664,5.491531005,93.62880886,90.18697569,3.441833177,66.43782269,0.437763354,1.150705268
62,3/8/2024,CELOUSDT,0.071593194,0.05961756,96,0,96,1.63505106,13.34687161,11.71182055,79.04665314,84.34458366,-5.297930511,64.64899035,0.818199224,1.150705268
63,3/8/2024,CELRUSDT,3.471052411,0.809878601,92,0,92,2.305010354,15.2953615,12.99035115,93.91839877,91.01061577,2.907783001,88.85216261,0.483922806,1.150705268
64,3/8/2024,CFXUSDT,2.242264136,0.907949569,100,0,100,2.265580251,7.735624111,5.47004386,85.37134284,90.136051,-4.764708161,68.76876932,0.047049821,1.150705268
65,3/8/2024,CHESSUSDT,1.553358098,0.23178534,96,0,96,2.179599727,9.620165088,7.440565361,82.40963855,84.90248908,-2.492850524,71.27689522,0.357879202,1.150705268
66,3/8/2024,CHRUSDT,-1.162389631,-0.618164205,24,88,-64,-3.037879932,0.552578346,3.590458277,41.46905726,42.81858492,-1.349527665,44.73681612,0.832384454,1.150705268
67,3/8/2024,CHZUSDT,-0.867338141,0.414292555,72,4,68,-0.223810111,9.999426479,10.22323659,66.76272815,66.24399616,0.518731988,60.8611649,0.370062096,1.150705268
68,3/8/2024,CITYUSDT,0.20766773,0.543540412,76,0,76,0.272679466,1.955576718,1.682897252,81.44578313,80.08032129,1.365461847,65.39249837,-0.333689924,1.150705268
69,3/8/2024,CKBUSDT,2.734494653,0.138132979,84,0,84,1.974492751,17.13148008,15.15698733,86.728,82.533,4.195,69.51229276,0.725651029,1.150705268
70,3/8/2024,CLVUSDT,2.949478174,0.759753806,84,0,84,1.414709104,11.64429832,10.22958922,68.35095966,64.38591169,3.965047968,68.85228146,0.47205524,1.150705268
71,3/8/2024,COMBOUSDT,1.238727669,1.136603548,80,0,80,0.719017496,5.792415986,5.073398491,63.86,60.45333333,3.406666667,63.94642967,0.363103561,2.508380364
72,3/8/2024,COMPUSDT,-2.083409183,-0.334391457,68,0,68,0.31645959,11.94165408,11.62519449,62.18313502,67.28028471,-5.097149685,65.96851742,0.704530217,1.150705268
73,3/8/2024,COSUSDT,2.45134359,0.363502995,80,0,80,1.986985254,6.541963939,4.554978686,73.6423221,71.02059925,2.621722846,61.72795729,0.655517274,1.150705268
74,3/8/2024,COTIUSDT,-1.700278756,-0.187900965,56,0,56,-1.3475261,12.47698439,13.82451049,51.74351027,58.385121,-6.641610736,61.57883002,0.663709924,1.150705268
75,3/8/2024,CREAMUSDT,1.132946698,1.081387845,84,36,48,1.336947243,4.872372342,3.535425099,78.87788779,77.59133056,1.286557227,61.69666158,0.086867601,1.200389669
76,3/8/2024,CRVUSDT,3.708828683,1.733693408,92,0,92,2.507483765,9.298106819,6.790623054,81.30990415,82.31282857,-1.002924421,69.71188698,-0.233196828,1.150705268
77,3/8/2024,CTKUSDT,2.616742167,0.910342627,92,36,56,2.261437899,11.3804715,9.119033601,91.59056317,91.8082665,-0.21770333,76.37350011,0.365969788,1.150705268
78,3/8/2024,CTSIUSDT,-2.78437417,0.250437778,64,0,64,-1.544844969,8.126783473,9.671628442,42.70440252,45.42756648,-2.723163966,55.61109107,0.803993178,1.150705268
79,3/8/2024,CTXCUSDT,-0.075887596,0.023729608,28,88,-60,-1.023106074,2.804937766,3.82804384,71.48080439,70.15536524,1.325439152,54.55564307,0.894149692,1.150705268
80,3/8/2024,CVPUSDT,3.439091144,0.744480702,100,36,64,1.918224483,9.685998101,7.767773618,89.89405053,92.33750735,-2.443456824,67.75042513,0.427510815,1.150705268
81,3/8/2024,CVXUSDT,0.420670416,0.471365974,60,0,60,-0.785422478,10.07030157,10.85572405,46.32587859,60.81731182,-14.49143323,60.13735555,0.029046899,1.150705268
82,3/8/2024,CYBERUSDT,1.595435592,1.914197854,100,0,100,2.244754654,9.339390277,7.094635622,83.33706607,83.73585058,-0.398784513,70.96345048,0.828537847,2.532683039
83,3/8/2024,DARUSDT,0.933121473,0.792705373,56,0,56,0.878358845,13.69245908,12.81410023,74.26934097,68.49743298,5.771907999,65.08505797,0.401191829,1.150705268
84,3/8/2024,DASHUSDT,1.925616512,0.350629068,88,0,88,1.489310448,6.811786183,5.322475735,80.33044847,81.35326515,-1.02281668,65.82814757,-0.240392861,1.150705268
85,3/8/2024,DATAUSDT,2.181947467,0.539153791,96,0,96,0.534170054,7.289052339,6.754882285,82.21302999,80.46510967,1.747920319,69.64265843,0.839348016,1.150705268
86,3/8/2024,DCRUSDT,3.277005097,0.569911424,80,0,80,2.029068362,14.99180824,12.96273987,80.65268065,81.03073073,-0.378050076,68.33561906,0.367028942,1.150705268
87,3/8/2024,DEGOUSDT,0.651012778,0.103490004,84,4,80,0.302222591,3.86834962,3.56612703,50.55187638,52.71029916,-2.158422781,59.14496685,0.649133122,1.150705268
88,3/8/2024,DENTUSDT,3.696108092,0.38852569,84,0,84,2.300004517,14.66564586,12.36564134,62.6596544,62.69950175,-0.039847351,71.23003451,0.791755036,1.150705268
89,3/8/2024,DEXEUSDT,6.314517755,1.170497977,100,0,100,6.128106046,16.36426621,10.23616017,89.45926632,79.37673576,10.08253055,94.11860558,0.806064995,1.150705268
90,3/8/2024,DFUSDT,1.215066303,0.084237334,84,0,84,0.739907901,5.088433633,4.348525732,80.66604995,84.90355443,-4.237504476,66.80865327,-0.033055937,1.150705268
91,3/8/2024,DGBUSDT,3.209186538,0.504014018,84,0,84,1.609761298,16.20485725,14.59509595,79.06626506,76.48140316,2.5848619,68.0756594,0.602778182,1.150705268
92,3/8/2024,DIAUSDT,1.345661907,0.706593837,20,0,20,-0.073644472,7.062180664,7.135825137,68.06722689,62.55092946,5.516297428,59.99036548,0.801635343,1.150705268
93,3/8/2024,DODOUSDT,2.345695224,0.880641138,88,0,88,2.086215603,12.11149288,10.02527727,81.42695357,81.37510829,0.051845275,70.44492765,0.681202583,1.150705268
94,3/8/2024,DOGEUSDT,3.805240664,-0.239840274,88,0,88,4.202666672,17.14537221,12.94270554,66.6557832,62.63849941,4.017283792,73.90732149,0.783816707,1.150705268
95,3/8/2024,DOTUSDT,3.008319468,1.847910473,96,0,96,2.89200581,11.08800563,8.19599982,84.08517792,87.27208327,-3.186905353,74.90996,0.811400248,1.150705268
96,3/8/2024,DUSKUSDT,0.848995517,0.499893999,84,88,-4,-0.409033586,4.220940277,4.629973863,71.31294964,67.56594724,3.747002398,56.34034909,0.798099529,1.150705268
97,3/8/2024,DYDXUSDT,2.542784261,0.966816893,96,0,96,3.016312365,10.72869314,7.712380774,87.44855967,89.51004465,-2.061484976,76.46433567,0.808030605,1.150705268
98,3/8/2024,EDUUSDT,0.849190783,0.890416248,84,0,84,0.240301794,5.349287041,5.108985247,73.33353974,71.84639359,1.487146145,63.75561551,0.103671685,1.28431091
99,3/8/2024,EGLDUSDT,1.281091403,0.795663542,80,48,32,0.807713663,5.126657393,4.31894373,63.41333333,59.94666667,3.466666667,59.25160128,0.829879627,1.150705268
100,3/8/2024,ELFUSDT,0.510999384,0.180849462,80,4,76,-0.259144014,2.531579264,2.790723278,38.09128631,39.94467497,-1.853388658,53.73394728,0.858831881,1.150705268
101,3/8/2024,ENJUSDT,4.952561798,0.667406655,84,0,84,3.81435987,17.46738691,13.65302704,81.13668061,78.82866277,2.308017846,73.43743689,0.378223828,1.150705268
102,3/8/2024,ENSUSDT,3.524484013,-0.143176775,88,64,24,1.967763548,5.764463614,3.796700066,67.65704584,61.57328806,6.083757782,66.97196135,0.705924679,1.150705268
103,3/8/2024,EOSUSDT,6.137647635,1.088917465,96,0,96,5.178716157,15.21341422,10.03469806,87.61514841,81.62075169,5.994396719,80.06407157,0.077570198,1.150705268
104,3/8/2024,EPXUSDT,2.633652655,0.663911442,84,0,84,2.090112045,16.15240401,14.06229197,56.69755687,59.662792,-2.965235134,62.07088717,0.271170903,1.150705268
105,3/8/2024,ERNUSDT,6.896089583,0.899410451,92,0,92,5.301560146,16.28253797,10.98097782,96.21389539,80.88699049,15.3269049,84.18123636,0.707709331,1.150705268
106,3/8/2024,ETCUSDT,4.302545779,1.863220872,88,44,44,3.934901595,12.81370303,8.878801434,93.83139136,88.51756761,5.313823751,77.07785784,0.858277281,1.150705268
107,3/8/2024,ETHUSDT,2.57366581,1.154698891,100,0,100,1.918523007,12.16185309,10.24333008,97.32933669,94.26982839,3.059508295,84.9159309,0.95370511,1.150705268
108,3/8/2024,FARMUSDT,1.094161341,0.279226249,76,0,76,0.468144168,5.483012433,5.014868264,76.53359299,72.11944174,4.41415125,62.12836843,0.815131892,1.150705268
109,3/8/2024,FDUSDUSDT,10.29792677,0.172817528,0,88,-88,4.28615747,-0.99106716,-5.27722463,98.6746988,97.97687203,0.697826768,56.20887671,0.015115779,1.279808719
110,3/8/2024,FETUSDT,5.939894347,-0.277707474,96,0,96,4.772377545,17.06473247,12.29235492,79.39893617,86.98315011,-7.58421394,85.179538,0.895209724,1.150705268
111,3/8/2024,FIDAUSDT,2.463151788,1.216789364,96,0,96,2.383249622,10.89212749,8.508877869,62.73013022,69.38375124,-6.653621015,70.45381563,0.267888742,1.150705268
112,3/8/2024,FILUSDT,2.38148261,0.578117694,80,0,80,1.516211164,13.48525949,11.96904833,79.8573975,78.18521348,1.672184025,67.70422064,0.732121396,1.150705268
113,3/8/2024,FIOUSDT,1.550981661,0.43574804,80,32,48,0.31447311,6.539386769,6.224913659,75.75757576,74.51178451,1.245791246,59.64048258,0.453769829,1.150705268
114,3/8/2024,FIROUSDT,1.057498941,0.460472996,84,4,80,1.342554303,7.196098838,5.853544534,77.63975155,76.00812231,1.63162924,65.56659465,0.233905841,1.150705268
115,3/8/2024,FISUSDT,7.417913189,0.061282866,92,0,92,5.11755497,12.27493059,7.157375622,62.63864565,70.61520297,-7.976557316,72.73463155,0.41539702,1.150705268
116,3/8/2024,FLMUSDT,1.8290616,0.991668896,84,0,84,1.365511228,10.56012202,9.194610793,78.41409692,72.76064611,5.653450808,67.6511553,0.431319579,1.150705268
117,3/8/2024,FLOKIUSDT,7.055063859,0.094739465,84,0,84,6.135413658,21.19536527,15.05995161,86.13516967,76.93263325,9.202536417,79.76961281,0.709060293,1.28335639
118,3/8/2024,FLOWUSDT,2.571536816,-0.121676112,96,0,96,2.034366223,11.42562679,9.391260564,84.09961686,83.62889147,0.470725392,73.8048999,0.530914073,1.150705268
119,3/8/2024,FLUXUSDT,1.198072093,-0.297335784,80,0,80,-0.521987488,11.54508421,12.0670717,58.66088371,58.67069434,-0.009810629,65.58856618,0.706297719,1.150705268
120,3/8/2024,FORTHUSDT,1.990864248,0.725167442,56,0,56,0.64401951,11.15136309,10.50734358,87.82608696,82.6573307,5.16875626,68.55711646,0.697488367,1.150705268
121,3/8/2024,FORUSDT,6.200091639,1.091659123,84,4,80,4.130820871,14.52790963,10.39708875,72.30902778,70.43674483,1.872282945,71.97591492,0.582822553,1.150705268
122,3/8/2024,FRONTUSDT,2.069618211,0.58556648,96,0,96,1.673725985,9.423733054,7.750007069,81.72436751,84.35146516,-2.62709765,65.11577503,0.874248831,1.150705268
123,3/8/2024,FTMUSDT,7.284503594,0.962820391,100,0,100,5.574282148,14.44664823,8.872366082,91.4160401,92.68362502,-1.267584917,79.14997972,0.569856557,1.150705268
124,3/8/2024,FXSUSDT,-0.185133883,0.768316058,56,88,-32,-0.644168319,-2.945667363,-2.301499044,57.74134791,52.89415098,4.847196924,46.19493392,0.594395905,1.150705268
125,3/8/2024,GALAUSDT,-0.007354318,0.448564269,84,0,84,1.313129068,13.99954668,12.68641761,76.64926436,74.27412015,2.375144207,68.05622262,0.234460547,1.150705268
126,3/8/2024,GALUSDT,1.015542895,0.080967895,92,0,92,-0.350056148,10.10884518,10.45890133,84.58646617,83.78446115,0.802005013,62.40390584,0.820627043,1.150705268
127,3/8/2024,GASUSDT,0.170013332,0.677503173,76,64,12,0.194320167,1.406514574,1.212194406,66.79438059,66.8795232,-0.085142614,58.6438923,0.633665065,1.283555535
128,3/8/2024,GFTUSDT,1.624976897,2.300992455,76,0,76,0.827849486,8.798539448,7.970689962,57.28770596,57.51364877,-0.225942809,61.61919829,0.361854436,1.200389669
129,3/8/2024,GHSTUSDT,0.505667993,0.607034692,80,0,80,-0.209376775,3.52214378,3.731520554,49.75609756,47.80487805,1.951219512,56.30632485,0.172185122,1.150705268
130,3/8/2024,GLMRUSDT,1.081468169,0.864252315,84,0,84,0.768988041,6.597344211,5.82835617,93.75788146,90.71038251,3.047498949,63.89159189,0.659501787,1.150705268
131,3/8/2024,GLMUSDT,4.812045031,0.387014963,80,0,80,2.934931946,17.47925796,14.54432602,64.02955879,64.862711,-0.833152213,68.04603266,0.72679483,1.283555535
132,3/8/2024,GMTUSDT,0.859372336,0.326450974,80,0,80,0.481366923,3.884991942,3.403625019,64.1315519,64.16581021,-0.034258308,57.51073922,0.266387471,1.150705268
133,3/8/2024,GMXUSDT,0.951950194,0.70531481,80,0,80,0.542508587,4.540608303,3.998099716,85.29100529,77.81305115,7.477954145,62.33974142,-0.093233135,1.150705268
134,3/8/2024,GRTUSDT,1.831041522,1.210451791,96,0,96,0.539396876,12.51166733,11.97227045,81.76706827,86.98517083,-5.218102553,67.95680128,0.870678498,1.150705268
135,3/8/2024,GTCUSDT,3.839598716,-0.274664372,96,0,96,3.325623018,13.99081582,10.6651928,58.01674179,58.96626436,-0.949522567,83.05340639,0.241589658,1.150705268
136,3/8/2024,HARDUSDT,1.006670312,0.697421818,76,0,76,0.740033793,6.186898726,5.446864933,49.3877551,46.26193725,3.12581785,64.42575271,0.682900597,1.150705268
137,3/8/2024,HBARUSDT,3.100973459,1.069618053,96,0,96,1.244684509,11.39125121,10.1465667,83.74164811,87.98612727,-4.244479163,71.60506315,0.888337802,1.150705268
138,3/8/2024,HFTUSDT,1.036823956,1.061187216,80,0,80,0.743286181,6.141644409,5.398358228,74.19832264,68.54135833,5.656964315,64.301299,-0.18722723,1.150705268
139,3/8/2024,HIFIUSDT,0.289679957,1.206860532,88,88,0,0.291416932,1.752632829,1.461215897,82.68577895,79.12737332,3.558405633,63.26032379,0.456544698,1.150705268
140,3/8/2024,HIGHUSDT,1.768434412,0.973034984,80,0,80,1.011283576,9.591740324,8.580456749,78.83008357,73.9417621,4.888321469,64.71444599,0.183278458,1.150705268
141,3/8/2024,HIVEUSDT,4.137337982,0.014414299,84,0,84,3.478908655,13.30560816,9.826699508,82.70509978,76.79231338,5.912786401,74.58760257,0.122067585,1.150705268
142,3/8/2024,HOOKUSDT,1.041370777,0.634739024,80,0,80,0.365718607,5.748654828,5.38293622,70.0,66.8525944,3.147405597,64.07561159,-0.154121896,1.150705268
143,3/8/2024,HOTUSDT,4.764821762,0.591762733,84,0,84,3.32347509,15.9121513,12.58867621,70.63688999,71.76020269,-1.123312696,69.33364805,0.794661507,1.150705268
144,3/8/2024,ICPUSDT,1.805672034,0.37557988,88,64,24,1.631211232,3.979794729,2.348583497,64.20361248,67.68472906,-3.481116585,63.82078272,0.848510101,1.150705268
145,3/8/2024,ICXUSDT,1.98032776,0.907640468,84,0,84,1.971244178,9.727124695,7.755880516,73.08333333,73.08327578,5.76e-05,68.49545699,0.400886547,1.150705268
146,3/8/2024,IDEXUSDT,1.412635121,0.187691955,96,0,96,1.492762448,8.985650649,7.492888201,91.64827079,93.73008609,-2.081815299,72.26346876,0.124811912,1.150705268
147,3/8/2024,IDUSDT,2.427311688,0.960567155,96,88,8,0.448224798,6.703485498,6.2552607,70.18118672,72.35498718,-2.173800457,70.04808512,0.309542423,1.283555051
148,3/8/2024,ILVUSDT,1.611074308,-0.153961179,60,0,60,0.036046698,8.414349371,8.378302673,67.2541744,61.72097031,5.533204089,63.35685498,0.853301278,1.150705268
149,3/8/2024,IMXUSDT,-0.317817466,-0.062708162,32,88,-56,-1.116874809,4.265327238,5.382202047,89.24678386,79.7669327,9.479851158,59.32285751,0.926400534,1.150705268
150,3/8/2024,INJUSDT,0.569258787,1.438457738,76,44,32,0.702861616,4.185098771,3.482237154,84.95514148,69.05912123,15.89602024,61.3804155,0.91545021,1.150705268
151,3/8/2024,IOSTUSDT,4.006125893,0.931540699,96,4,92,2.828479402,14.92991625,12.10143685,75.83892617,75.65723917,0.181687007,69.06514875,0.368219799,1.150705268
152,3/8/2024,IOTAUSDT,2.795224521,0.017943371,88,64,24,2.08688195,10.35977229,8.272890344,67.5,71.45238095,-3.952380952,69.19181284,0.818078387,1.150705268
153,3/8/2024,IOTXUSDT,0.34223793,0.602621817,24,0,24,-0.286884643,6.275641479,6.562526121,74.19871795,69.76495726,4.433760684,61.64403782,0.904163803,1.150705268
154,3/8/2024,IQUSDT,2.936254036,3.113173117,96,0,96,1.72517358,18.39718436,16.67201078,70.35704401,75.33720043,-4.980156425,64.06541118,0.759497104,1.200389669
155,3/8/2024,IRISUSDT,1.182584031,0.863760126,80,0,80,0.573550946,6.811695398,6.238144453,89.21052632,86.26065363,2.949872684,65.73938092,0.487993947,1.150705268
156,3/8/2024,JASMYUSDT,0.51351742,-0.046712078,84,0,84,0.165473181,17.3957354,17.23026222,59.11703239,59.83106931,-0.714036921,66.03669846,0.749403921,1.150705268
157,3/8/2024,JOEUSDT,0.666415778,0.496233443,48,88,-40,-0.481254236,2.498615574,2.979869811,77.09815078,70.1754386,6.922712186,55.1292588,0.616162029,1.150705268
158,3/8/2024,JSTUSDT,4.208307902,0.174119995,92,4,88,2.609629392,11.31080308,8.70117369,51.8699187,56.2962963,-4.426377597,67.92087247,0.862769381,1.150705268
159,3/8/2024,JTOUSDT,2.661607668,14.94384788,96,64,32,2.511577046,9.427147774,6.915570728,85.26111873,79.10525945,6.155859284,67.08558235,0.202338841,1.775991343
160,3/8/2024,JUPUSDT,4.779610309,-214.2783712,96,0,96,8.450185497,12.1233276,3.673142101,79.82089552,79.14260609,0.678289436,68.91546712,0.408343655,0.0
161,3/8/2024,KAVAUSDT,2.177115474,1.155690304,100,0,100,2.887608797,10.71564352,7.828034724,97.64747191,91.11667956,6.530792347,74.42430194,-0.009488794,1.150705268
162,3/8/2024,KDAUSDT,3.666573381,1.278405704,84,36,48,3.408832854,12.35592984,8.947096983,71.89819724,71.89819724,0.0,77.25258731,0.675007038,1.150705268
163,3/8/2024,KEYUSDT,0.719120534,1.288236914,8,0,8,0.262843869,6.888123325,6.625279455,83.13641246,77.40167164,5.734740818,63.14111569,0.026354486,1.150705268
164,3/8/2024,KLAYUSDT,1.156005059,0.696394089,80,44,36,1.568020642,9.815626643,8.247606001,73.58139535,69.50162923,4.079766116,63.66160465,0.551375229,1.150705268
165,3/8/2024,KMDUSDT,1.317843308,0.704563277,88,0,88,-0.257558919,7.040574417,7.298133336,67.71879484,67.42295889,0.295835947,60.89663068,0.431527091,1.150705268
166,3/8/2024,KNCUSDT,3.902174136,0.798760226,100,0,100,3.649844236,13.61231311,9.962468873,94.03466344,96.90559987,-2.870936429,72.21007541,0.345607048,1.150705268
167,3/8/2024,KP3RUSDT,1.502428946,0.265322686,88,36,52,1.243937212,5.295198613,4.051261401,75.01080847,71.67026949,3.340538983,66.21290122,0.538994054,1.150705268
168,3/8/2024,KSMUSDT,1.162433511,0.380283428,96,0,96,0.604681122,6.976348159,6.371667037,80.7748538,79.07641783,1.698435973,65.27584921,0.774530572,1.150705268
169,3/8/2024,LAZIOUSDT,1.151943821,0.228329925,80,0,80,-0.514876554,5.711765235,6.226641789,50.87719298,50.05847953,0.81871345,58.55274357,0.188182753,1.150705268
170,3/8/2024,LDOUSDT,0.297821873,0.398118059,88,88,0,-0.196408503,3.286557999,3.482966502,70.87466186,70.42380523,0.450856628,56.03862622,0.803114963,1.150705268
171,3/8/2024,LEVERUSDT,2.246557625,0.637326246,84,0,84,1.987031082,13.06134903,11.07431795,65.77777778,61.6897943,4.087983481,66.4516956,0.203520831,1.150705268
172,3/8/2024,LINAUSDT,1.146056336,1.077067123,76,0,76,1.380914618,7.441343055,6.060428437,82.71217712,78.21138457,4.500792555,70.17316734,-0.277347013,1.150705268
173,3/8/2024,LINKUSDT,1.06383971,-0.45441936,76,88,-12,-0.265318267,3.075039321,3.340357588,68.42515087,68.68470573,-0.259554863,55.7308457,0.938487986,1.150705268
174,3/8/2024,LITUSDT,2.348587197,2.896329179,84,0,84,1.627265449,13.42567572,11.79841028,84.58844133,82.27984714,2.308594191,67.47056046,0.569532601,1.150705268
175,3/8/2024,LOKAUSDT,1.077330532,0.679519954,80,0,80,0.906657522,5.826809082,4.92015156,68.73630387,65.31488599,3.42141788,65.74234527,-0.07250879,1.150705268
176,3/8/2024,LPTUSDT,0.685422179,0.463087917,20,0,20,-0.896849689,8.105637014,9.002486704,73.07155323,71.94620395,1.125349279,60.89685897,0.788812902,1.150705268
177,3/8/2024,LRCUSDT,3.170964497,1.643784232,88,4,84,3.019971514,11.30128998,8.28131847,87.04663212,84.92641371,2.120218413,79.47582264,0.16821397,1.150705268
178,3/8/2024,LSKUSDT,6.21376852,-0.28164747,92,64,28,4.021062198,10.7995025,6.778440302,45.27928819,48.62415554,-3.344867359,63.90555567,0.861738796,1.150705268
179,3/8/2024,LTCUSDT,0.633223907,0.776906226,80,36,44,1.763550247,8.952863989,7.189313742,75.5180353,72.85650196,2.661533339,65.27486607,-0.18096662,1.150705268
180,3/8/2024,LTOUSDT,1.913904554,0.806990871,100,0,100,1.8595043,11.81402557,9.954521273,94.35736677,91.86541152,2.491955256,74.80767112,0.325163407,1.150705268
181,3/8/2024,LUNAUSDT,6.674515091,0.126246488,88,64,24,4.710541822,10.71925629,6.008714465,59.0265204,57.23364221,1.792878191,78.48949204,0.03669052,1.150705268
182,3/8/2024,LUNCUSDT,3.31479822,-0.464747613,88,4,84,2.436005666,10.01393838,7.577932713,56.36678201,56.16147636,0.205305652,73.02342894,0.618426503,1.150705268
183,3/8/2024,MAGICUSDT,0.047372417,0.516930088,80,88,-8,-0.189358105,0.808036071,0.997394175,61.17952041,58.46475121,2.714769209,52.42063771,0.379809636,1.150705268
184,3/8/2024,MANAUSDT,-0.064882976,0.815102144,88,4,84,2.042081409,12.5618614,10.51977999,89.80865225,85.72924986,4.079402389,70.054005,0.409781931,1.150705268
185,3/8/2024,MANTAUSDT,0.807280767,206.5272525,100,64,36,4.028413082,5.823186763,1.79477368,94.08204438,85.12829379,8.953750592,67.27480299,0.144811307,4.280430574
186,3/8/2024,MASKUSDT,1.29987611,0.748422375,80,4,76,0.145298133,6.450083762,6.304785629,72.79411765,70.9422658,1.851851852,63.15882018,0.118175025,1.150705268
187,3/8/2024,MATICUSDT,1.453610959,0.677935739,100,0,100,1.073509694,8.891613594,7.8181039,93.61189233,91.30194594,2.309946389,65.62835868,0.335040003,1.150705268
188,3/8/2024,MAVUSDT,-0.063472671,0.566180284,76,88,-12,-1.543483968,0.299445049,1.842929017,50.35087719,49.35672515,0.994152047,48.10104945,0.814298469,1.170883532
189,3/8/2024,MBLUSDT,1.454216546,0.891928364,72,4,68,1.185771739,8.610865183,7.425093444,62.88260364,61.60402945,1.278574196,62.31195944,0.82245627,1.150705268
190,3/8/2024,MBOXUSDT,3.350599883,0.632902712,96,0,96,3.25381822,12.51046743,9.25664921,81.98675497,82.50993488,-0.523179913,72.74687062,0.026638256,1.150705268
191,3/8/2024,MDTUSDT,4.281688278,1.32345515,96,0,96,3.198445995,13.79833753,10.59989154,86.57284768,78.90266728,7.670180403,73.24129376,0.655681354,1.150705268
192,3/8/2024,MDXUSDT,1.289946412,0.364635211,84,0,84,-0.042289284,7.936678235,7.978967519,60.56338028,58.41285143,2.15052885,58.65295279,0.113588934,1.150705268
193,3/8/2024,MEMEUSDT,3.320759974,0.12519315,84,0,84,1.474683983,13.29377343,11.81908944,50.64781363,49.57802767,1.069785956,59.1553399,0.518065932,1.63852204
194,3/8/2024,MINAUSDT,-0.176413168,0.329629458,8,88,-80,-0.38912155,1.098360706,1.487482256,72.39010989,72.5,-0.10989011,51.83091739,0.840611382,1.150705268
195,3/8/2024,MKRUSDT,0.103433347,-0.350872153,68,88,-20,-0.414486773,0.955349527,1.3698363,65.92292089,65.31440162,0.60851927,52.59268408,0.803013829,1.150705268
196,3/8/2024,MLNUSDT,3.473906357,0.454066712,100,36,64,3.932881655,12.31973473,8.386853075,94.65648855,90.8247736,3.831714949,76.79650902,0.191282351,1.150705268
197,3/8/2024,MOBUSDT,0.219626981,0.340380802,80,0,80,0.069152688,0.973841294,0.904688606,52.16080402,51.78306344,0.377740582,57.63864201,-0.472915162,1.150705268
198,3/8/2024,MOVRUSDT,0.097217713,-0.342311423,28,88,-60,-0.578459512,0.187745371,0.766204883,44.51381663,44.68724708,-0.173430454,46.34592497,0.784554766,1.150705268
199,3/8/2024,MTLUSDT,8.569262949,-0.082020333,92,4,88,5.956396814,15.26437833,9.307981515,51.64609053,51.70096022,-0.054869684,82.32550941,0.81897532,1.150705268
200,3/8/2024,NEARUSDT,4.76654659,-0.536953185,96,0,96,3.24883395,10.75483156,7.505997609,71.42364702,82.36199994,-10.93835293,69.66679464,0.871074703,1.150705268
201,3/8/2024,NEOUSDT,3.929932213,0.584507013,84,4,80,2.787041402,12.31667211,9.529630712,74.78991597,74.18885846,0.601057507,69.58886054,0.733848174,1.150705268
202,3/8/2024,NEXOUSDT,1.930140941,0.090239426,84,0,84,0.509912219,11.5848216,11.07490938,72.09876543,73.73715842,-1.638392989,70.0763425,0.94941688,1.150705268
203,3/8/2024,NKNUSDT,1.905837751,1.030805024,84,0,84,0.557417451,10.96195476,10.40453731,84.82905983,81.41025641,3.418803419,62.1579776,0.708584972,1.150705268
204,3/8/2024,NMRUSDT,1.48496409,0.788111623,100,0,100,1.261114815,10.19215829,8.931043472,96.28751975,97.06032498,-0.772805234,70.96926282,0.809765769,1.150705268
205,3/8/2024,NTRNUSDT,-0.956552857,2.040268983,12,0,12,-1.848157836,0.842350661,2.690508497,48.81746513,46.796038,2.021427128,50.89131941,0.819699967,2.640408594
206,3/8/2024,NULSUSDT,2.687002076,1.018210364,84,0,84,1.950221835,11.3763638,9.426141964,81.30718954,77.39594356,3.911245985,65.46189433,0.577596465,1.150705268
207,3/8/2024,OCEANUSDT,4.070320527,1.019698341,92,0,92,2.745806206,17.06494394,14.31913774,91.84853572,89.94590561,1.902630106,77.05003946,0.886002184,1.150705268
208,3/8/2024,OGNUSDT,2.336514308,0.795603953,84,0,84,1.819904023,8.739430197,6.919526174,94.59876543,87.19135802,7.407407407,68.79190459,0.880834269,1.150705268
209,3/8/2024,OGUSDT,0.213330845,0.495537675,20,0,20,0.046656484,1.223940612,1.177284129,47.9184367,47.86179553,0.056641178,58.18142725,-0.0157193,1.150705268
210,3/8/2024,OMGUSDT,2.076738874,0.473145145,80,0,80,1.645633746,6.806456362,5.160822616,73.50689127,74.75681022,-1.24991895,73.00983581,0.006257525,1.150705268
211,3/8/2024,OMUSDT,2.807649989,1.226853792,84,32,52,0.924136086,9.291396506,8.36726042,54.32169433,57.2848693,-2.963174967,65.19520409,0.805067001,1.150705268
212,3/8/2024,ONEUSDT,4.650979824,0.841963156,84,0,84,3.924924271,17.19728956,13.27236529,86.44067797,83.37584888,3.064829082,78.1108668,0.520058873,1.150705268
213,3/8/2024,ONGUSDT,2.708342668,0.962776563,84,0,84,2.140020612,10.45270578,8.31268517,83.5076428,85.97479217,-2.46714937,65.27197718,0.779031264,1.150705268
214,3/8/2024,ONTUSDT,3.334898813,1.525329151,100,0,100,3.622496341,12.14888057,8.526384228,82.92862399,90.29548584,-7.366861855,69.62198883,0.699412055,1.150705268
215,3/8/2024,OOKIUSDT,1.810724959,0.473764821,88,16,72,1.671014183,5.976241775,4.305227591,63.44576117,63.39917642,0.046584748,68.50623785,-0.33599741,1.150705268
216,3/8/2024,OPUSDT,4.156082899,0.081756939,92,48,44,2.273592194,7.380861118,5.107268924,85.13888889,82.91666667,2.222222222,71.18450935,0.806974938,1.150705268
217,3/8/2024,ORDIUSDT,0.978723312,1.032142929,88,48,40,0.557748274,5.148358668,4.590610394,52.18406559,49.0333934,3.150672183,57.94976162,0.680328378,1.781212874
218,3/8/2024,ORNUSDT,-0.583057427,0.776189907,56,0,56,-1.561097179,9.923863457,11.48496064,52.62889229,49.20027225,3.428620044,59.43750333,0.667991783,1.150705268
219,3/8/2024,OXTUSDT,1.842656874,0.555631628,84,0,84,0.901876746,10.32692824,9.425051494,78.71853547,74.44698703,4.271548436,68.3918307,0.811201397,1.150705268
220,3/8/2024,PAXGUSDT,6.898501041,1.258296619,96,8,88,4.572386601,9.135077389,4.562690788,91.39072848,93.09220581,-1.701477331,78.07981118,0.628755364,1.150705268
221,3/8/2024,PENDLEUSDT,-0.33072272,0.929535841,72,88,-16,0.048403184,3.840993522,3.792590337,69.88811189,66.62470862,3.263403263,57.26347643,0.869948996,1.170661616
222,3/8/2024,PEOPLEUSDT,-0.077299506,0.128069782,88,36,52,1.743944573,10.7918926,9.047948025,46.71638201,43.02744125,3.688940758,63.19567018,0.680134208,1.150705268
223,3/8/2024,PEPEUSDT,7.630423533,0.354885282,88,0,88,6.983029748,22.62673761,15.64370786,85.16556291,80.13186941,5.033693505,81.35016931,0.553977384,1.28335639
224,3/8/2024,PERPUSDT,1.220931775,0.240636285,80,0,80,0.388662796,5.797231413,5.408568617,61.71571425,60.12200755,1.593706693,58.21610044,0.780762828,1.150705268
225,3/8/2024,PHAUSDT,0.804677683,1.311144246,96,0,96,2.161995156,14.43773352,12.27573837,87.37864078,80.62723513,6.751405647,67.74767984,0.2603067,1.150705268
226,3/8/2024,PNTUSDT,0.835731668,0.373193912,84,0,84,-0.274313066,3.418666382,3.692979449,52.73522976,50.69292487,2.042304887,56.98530997,0.43871841,1.150705268
227,3/8/2024,POLSUSDT,-0.119506436,-0.612967996,68,0,68,-0.562144811,5.802948916,6.365093727,46.38746803,51.35336743,-4.965899403,58.53326083,0.871349264,1.150705268
228,3/8/2024,POLYXUSDT,0.898037039,0.218601564,88,4,84,1.114503709,5.493714754,4.379211045,76.78355502,76.98508666,-0.20153164,67.79041702,0.565612834,1.150705268
229,3/8/2024,PONDUSDT,2.954357273,0.625931765,88,36,52,2.573440965,8.619149049,6.045708085,66.61608498,68.63280353,-2.016718555,72.96325071,0.916352522,1.150705268
230,3/8/2024,PORTOUSDT,0.241591404,0.021933884,32,0,32,-0.926217477,7.428669986,8.354887463,73.30154946,69.56694478,3.734604688,61.550271,0.322145248,1.150705268
231,3/8/2024,POWRUSDT,0.198043015,0.141333122,0,88,-88,0.178399988,1.054073705,0.875673717,82.92461399,81.51478827,1.409825717,55.37550612,0.808803916,1.150705268
232,3/8/2024,PROMUSDT,3.812729321,1.235620388,96,0,96,1.044069865,9.422983817,8.378913952,85.4835909,71.09242474,14.39116616,68.96353939,0.837191784,1.283555535
233,3/8/2024,PSGUSDT,2.995767362,1.740930059,96,0,96,2.800972668,9.633705312,6.832732644,90.96334186,94.13340663,-3.17006477,84.50498148,-0.209262484,1.150705268
234,3/8/2024,PYRUSDT,4.799909332,1.493524411,100,0,100,3.157000778,10.06838504,6.91138426,90.42579375,88.32387024,2.101923509,73.79486947,0.900716359,1.150705268
235,3/8/2024,PYTHUSDT,-2.109288862,81.58779386,60,88,-28,-0.504327378,11.59031789,12.09464527,59.15271967,54.12308229,5.029637378,59.08230835,0.842353336,0.0
236,3/8/2024,QIUSDT,-0.305645809,0.918471526,60,36,24,0.743125541,6.36679657,5.623671029,56.90607735,54.98553012,1.920547224,59.00446418,0.821357822,1.150705268
237,3/8/2024,QNTUSDT,2.875495356,0.424228869,84,48,36,2.184400931,7.739776717,5.555375785,60.90225564,62.82372598,-1.921470343,60.77775484,0.326920306,1.150705268
238,3/8/2024,QTUMUSDT,5.132323381,0.128292029,84,4,80,4.285544549,15.2043021,10.91875755,58.20324944,59.38637108,-1.183121641,74.76693847,0.772112057,1.150705268
239,3/8/2024,RADUSDT,1.171536138,0.530448715,84,64,20,0.848621465,3.717217321,2.868595855,70.63291139,66.54008439,4.092827004,62.46188706,0.286532864,1.150705268
240,3/8/2024,RAREUSDT,-0.829932297,0.629209234,76,0,76,-0.776683392,6.046095256,6.822778648,54.06091371,49.83079526,4.230118443,58.93743846,0.584354347,1.150705268
241,3/8/2024,RAYUSDT,2.036554465,-0.419807446,96,44,52,2.471423911,3.933162865,1.461738953,70.05030311,67.8969515,2.153351606,67.36047576,0.843581012,1.150705268
242,3/8/2024,RDNTUSDT,1.389877561,0.608573733,88,0,88,0.325011871,7.068807014,6.743795143,79.12621359,79.7327978,-0.606584211,62.50336064,0.326690768,1.283356242
243,3/8/2024,REEFUSDT,4.393511152,0.68913071,88,0,88,3.439185046,16.06234418,12.62315913,88.78718535,85.84929784,2.937887514,71.12430125,0.054173736,1.150705268
244,3/8/2024,REIUSDT,3.679827007,1.224185768,100,0,100,3.836785401,13.46883977,9.632054368,92.63932702,85.02490354,7.614423482,80.35536671,0.702189443,1.150705268
245,3/8/2024,RENUSDT,1.743828838,0.88637577,80,0,80,0.577895969,8.519210831,7.941314863,84.07888745,80.58322444,3.495663006,63.76975702,0.032923862,1.150705268
246,3/8/2024,REQUSDT,1.905967144,0.676446717,84,36,48,0.821718712,9.791164663,8.96944595,79.93630573,77.38853503,2.547770701,62.26320096,0.632729018,1.150705268
247,3/8/2024,RIFUSDT,0.031531058,0.514013468,84,0,84,-0.455349866,8.920753227,9.376103092,54.30107527,51.1827957,3.11827957,60.35287217,0.730276383,1.150705268
248,3/8/2024,RLCUSDT,-0.52860557,0.641734991,40,0,40,-2.129381944,8.661626923,10.79100887,65.94672426,66.07519322,-0.12846896,58.94641895,0.778291761,1.150705268
249,3/8/2024,RNDRUSDT,1.855379227,0.251013507,96,0,96,1.858712232,10.77728869,8.918576458,78.8970289,83.48900916,-4.591980265,73.2449847,0.954231589,1.150705268
250,3/8/2024,ROSEUSDT,1.947372951,0.936475332,96,36,60,1.994682487,9.552608795,7.557926308,85.29411765,87.29825501,-2.004137368,71.51409321,0.932256889,1.150705268
251,3/8/2024,RPLUSDT,2.153364372,-0.032270733,96,40,56,1.213195317,2.908034223,1.694838906,82.84789644,86.69309388,-3.845197441,67.17968938,-0.203658674,1.150705268
252,3/8/2024,RSRUSDT,6.671757162,0.138925061,96,0,96,5.191181346,16.18709198,10.99591064,73.40478564,81.22306284,-7.818277192,76.57000305,0.280181401,1.150705268
253,3/8/2024,RUNEUSDT,0.701589166,2.083587855,100,88,12,1.527534347,5.019959145,3.492424797,98.35145563,81.14125641,17.21019922,71.25013749,0.860376085,1.150705268
254,3/8/2024,RVNUSDT,2.252514723,0.31918752,88,4,84,0.397174673,12.35525864,11.95808397,71.32169576,72.94097117,-1.619275407,64.29767705,0.327873562,1.150705268
255,3/8/2024,SANDUSDT,1.635997941,0.514618519,88,4,84,2.272327872,12.86801852,10.59569064,78.05261091,78.34369601,-0.291085097,69.9106975,0.312887226,1.150705268
256,3/8/2024,SANTOSUSDT,1.31704715,0.996791262,20,0,20,-0.222668897,11.01479464,11.23746353,64.37462952,66.25355403,-1.878924511,63.13563836,0.449483955,1.150705268
257,3/8/2024,SCRTUSDT,2.251910059,0.385291127,84,0,84,0.936201028,11.75818132,10.82198029,71.02514507,73.8909761,-2.865831029,66.1870887,0.210028962,1.150705268
258,3/8/2024,SCUSDT,0.788720425,-0.115571014,48,88,-40,-1.854332457,-2.908585205,-1.054252748,11.12187561,11.20583866,-0.083963056,43.98276492,0.840825029,1.150705268
259,3/8/2024,SEIUSDT,-0.505217171,1.593573091,24,88,-64,-0.37199426,2.487335206,2.859329467,87.47841105,77.48132548,9.997085569,58.13492107,0.851287463,2.532683039
260,3/8/2024,SFPUSDT,0.039643876,0.807251144,36,88,-52,-0.810774131,2.606296836,3.417070967,77.57548845,73.44582593,4.129662522,54.12269586,0.80260879,1.150705268
261,3/8/2024,SHIBUSDT,9.736348121,-0.477325305,88,0,88,7.430521031,21.36883857,13.93831754,66.61161574,64.49215524,2.119460501,82.54351018,0.578991921,1.150705268
262,3/8/2024,SKLUSDT,1.080425891,0.1059139,76,0,76,0.168205745,6.662917378,6.494711633,46.31130064,47.1286425,-0.817341862,59.77128318,0.875605638,1.150705268
263,3/8/2024,SLPUSDT,2.959041696,0.363145803,80,0,80,2.434871987,12.84515977,10.41028779,55.12793402,54.72822293,0.399711095,67.46126168,0.834010707,1.150705268
264,3/8/2024,SNXUSDT,1.377099918,0.577807773,76,0,76,0.720887034,8.1977549,7.476867865,79.55271565,77.93760178,1.615113875,61.69010825,0.862456497,1.150705268
265,3/8/2024,SOLUSDT,2.468387989,0.956301344,96,48,48,1.915636829,7.033702316,5.118065487,92.60133806,84.95054524,7.650792821,74.20044418,0.951098847,1.150705268
266,3/8/2024,SPELLUSDT,-1.758247224,0.049510155,76,0,76,0.379255539,16.39716105,16.01790551,49.12602692,51.44436957,-2.31834265,62.74605515,0.565821598,1.150705268
267,3/8/2024,SSVUSDT,0.712895582,0.542284518,88,0,88,0.967682184,4.229540928,3.261858744,71.86813187,70.69478269,1.173349173,64.33000165,0.457045185,1.150705268
268,3/8/2024,STGUSDT,0.521915249,1.060331654,72,0,72,-0.072130839,5.621043747,5.693174586,82.83541554,78.81586095,4.01955459,60.22441425,0.018945275,1.150705268
269,3/8/2024,STMXUSDT,3.004722695,1.070226892,84,0,84,2.305532524,11.19024052,8.884707991,87.63752171,83.85446825,3.783053465,69.65005881,0.734100588,1.150705268
270,3/8/2024,STORJUSDT,0.63282951,0.419253944,76,88,-12,-0.002027928,3.818413393,3.820441321,82.4274622,79.92099169,2.506470508,58.64215151,0.824851122,1.150705268
271,3/8/2024,STPTUSDT,2.383472181,0.838969155,96,4,92,1.89845783,9.411926674,7.513468844,84.01826484,78.56028854,5.457976302,72.09860755,0.558555258,1.150705268
272,3/8/2024,STRAXUSDT,3.988482296,0.249383902,92,4,88,2.846914063,13.20714504,10.36023098,69.7954272,71.62555504,-1.830127841,78.92299333,0.886856557,1.150705268
273,3/8/2024,STXUSDT,0.533699178,-0.392793575,64,0,64,-1.537736684,7.871296722,9.409033407,57.11764706,56.7254902,0.392156863,60.30062704,0.905766013,1.150705268
274,3/8/2024,SUIUSDT,-0.989479953,-0.470669888,8,88,-80,-1.488809332,-1.177215591,0.311593741,67.68681938,61.08058128,6.606238099,48.99471985,0.665755517,1.283343011
275,3/8/2024,SUNUSDT,5.961345593,0.041187076,88,12,76,3.761040647,16.2712102,12.51016955,77.85294118,77.10444178,0.7484994,86.17331363,0.892118342,1.150705268
276,3/8/2024,SUPERUSDT,1.175271977,0.49128141,96,0,96,1.065806626,11.23314111,10.16733448,90.52916416,85.52557046,5.003593697,69.55063224,0.948099263,1.150705268
277,3/8/2024,SUSHIUSDT,2.438082761,0.967773283,92,0,92,2.443822595,12.12352907,9.679706477,79.4653706,78.57423604,0.891134558,76.41117872,0.764734856,1.150705268
278,3/8/2024,SXPUSDT,1.12534771,0.790307226,84,4,80,1.291058794,5.324328502,4.033269708,66.58560311,69.02492347,-2.439320359,67.10320753,0.061943883,1.150705268
279,3/8/2024,SYSUSDT,3.21297699,-0.103381149,80,0,80,3.3486307,17.04819819,13.69956749,64.2480983,63.68246538,0.565632924,73.88903032,0.467742526,1.150705268
280,3/8/2024,TFUELUSDT,4.321899244,0.227916755,88,4,84,4.591227081,18.75809413,14.16686705,87.68879522,81.75272216,5.936073059,82.74122988,0.581564986,1.150705268
281,3/8/2024,THETAUSDT,5.880903998,0.385326432,88,0,88,5.20387717,17.78812495,12.58424778,95.32455742,84.77851332,10.5460441,91.48515629,0.78002973,1.150705268
282,3/8/2024,TIAUSDT,-0.915613813,-1.927797507,0,88,-88,-0.267633443,-2.225534407,-1.957900965,59.40546045,57.62733783,1.778122626,46.43013158,0.635240493,1.790971452
283,3/8/2024,TKOUSDT,-0.021065115,-0.317867091,68,0,68,-0.471627668,11.90592804,12.37755571,58.37468983,64.15004606,-5.775356236,61.15814371,0.592051944,1.150705268
284,3/8/2024,TLMUSDT,0.892359398,0.44078028,80,0,80,1.677345927,14.98076232,13.3034164,61.53362665,59.03878356,2.494843093,67.24404391,0.443472812,1.150705268
285,3/8/2024,TRBUSDT,-0.050421978,0.032452352,32,88,-56,-0.487050532,-1.427970698,-0.940920166,59.44084279,57.38114533,2.059697461,42.27979966,0.786494691,1.150705268
286,3/8/2024,TROYUSDT,2.350658298,0.679299612,88,36,52,2.105792195,8.598664674,6.49287248,74.59016393,74.33656625,0.253597687,68.28090254,-0.143961419,1.150705268
287,3/8/2024,TRUUSDT,1.026558606,1.237976787,88,0,88,0.666679419,6.680137533,6.013458114,88.38852097,87.91171483,0.476806144,68.51481385,0.272300032,1.150705268
288,3/8/2024,TRXUSDT,-1.305598317,-0.484069113,60,0,60,-1.516265352,3.543590482,5.059855834,30.20527859,32.42098403,-2.215705442,56.26416973,0.920917526,1.150705268
289,3/8/2024,TWTUSDT,1.094203245,0.935476283,80,0,80,0.238064413,6.246102393,6.00803798,77.32598208,74.30981973,3.016162355,62.45833702,0.611409098,1.150705268
290,3/8/2024,TUSDT,1.037152294,0.669059941,76,4,72,0.612508297,5.395048798,4.782540502,88.70967742,85.3046595,3.405017921,60.51056855,0.241548176,1.150705268
291,3/8/2024,UFTUSDT,0.050071514,0.446246836,0,36,-36,0.293113253,2.706127567,2.413014314,74.72375691,68.55432781,6.169429098,57.1962763,0.541388656,1.283555535
292,3/8/2024,UMAUSDT,0.003919223,0.003935436,0,88,-88,-0.32428835,-0.030296367,0.293991983,54.28759894,52.61653474,1.671064204,48.94203697,0.700980742,1.150705268
293,3/8/2024,UNFIUSDT,0.652666361,1.066276113,84,0,84,0.476622191,3.548434721,3.07181253,79.24777301,67.86539096,11.38238205,67.01477364,0.392793757,1.150705268
294,3/8/2024,UNIUSDT,3.375051751,-0.335195777,92,0,92,3.090547075,16.43717439,13.34662731,72.38095238,78.17344657,-5.792494189,81.45182065,0.798987111,1.150705268
295,3/8/2024,USTCUSDT,0.868456561,-0.262358756,88,0,88,-0.317422589,3.902145266,4.219567855,39.74583642,40.65235134,-0.906514911,57.95742405,0.701983455,1.150705268
296,3/8/2024,UTKUSDT,2.547175575,0.943581701,96,44,52,2.529424194,8.488688638,5.959264444,95.2247191,94.2535422,0.971176896,72.86433248,0.171807615,1.150705268
297,3/8/2024,VANRYUSDT,7.357426784,-4.044811087,92,4,88,5.480310968,19.31948022,13.83916926,82.22098628,79.00444939,3.216536893,75.51521927,0.884947368,1.714148763
298,3/8/2024,VETUSDT,0.361685043,-0.31980202,64,0,64,-1.7681656,8.052518017,9.820683617,52.33766234,52.29437229,0.043290043,58.21434832,0.904199821,1.150705268
299,3/8/2024,VGXUSDT,0.439352435,0.128235719,88,0,88,0.585839064,2.093404503,1.50756544,53.95537525,53.40647287,0.548902388,67.75455922,-0.31279729,1.150705268
300,3/8/2024,VICUSDT,0.612320649,8.253425599,76,0,76,0.206125569,3.149052327,2.942926758,61.73913043,60.42363434,1.315496098,56.16031343,-0.264507982,1.626755964
301,3/8/2024,VIDTUSDT,2.801253206,0.596775244,80,0,80,1.171858893,8.043261875,6.871402982,51.09216835,50.38181495,0.710353401,59.3837254,0.425163673,1.150705268
302,3/8/2024,VITEUSDT,2.459898913,0.128557644,80,0,80,1.071213397,13.65422699,12.58301359,84.89646772,83.30839372,1.588073998,70.85403781,0.456514926,1.150705268
303,3/8/2024,VOXELUSDT,1.955809927,0.663920048,80,0,80,0.54205044,11.66969591,11.12764547,68.37029894,70.13731693,-1.767017995,61.73028385,0.561556853,1.150705268
304,3/8/2024,VTHOUSDT,-0.513954994,-0.500238752,12,0,12,-3.155395901,4.987237376,8.142633277,33.5862069,36.16999916,-2.583792266,50.9850395,0.890219688,1.150705268
305,3/8/2024,WANUSDT,3.118500549,0.670913431,92,0,92,1.979926374,11.84665451,9.866728131,82.37762238,82.95498053,-0.577358153,65.21077964,0.355392372,1.150705268
306,3/8/2024,WAVESUSDT,3.53037274,0.928037835,84,0,84,3.530726358,13.45893484,9.928208478,78.125,77.16425676,0.96074324,74.08105528,0.799334289,1.150705268
307,3/8/2024,WAXPUSDT,-1.545608824,0.571973807,72,0,72,1.064866983,11.58111703,10.51625004,54.05274619,53.89562594,0.157120246,63.19867516,0.549670877,1.150705268
308,3/8/2024,WINGUSDT,1.120413541,0.381046155,76,0,76,-0.168057739,5.437339754,5.605397493,61.46341463,64.75276011,-3.289345471,56.87675937,0.843371579,1.150705268
309,3/8/2024,WINUSDT,3.767190973,0.017609154,88,0,88,2.358222738,14.27611626,11.91789352,50.03745318,52.1454209,-2.107967719,67.08850153,0.824857987,1.150705268
310,3/8/2024,WLDUSDT,-1.329141914,-0.884731011,52,0,52,-3.198820742,10.01904319,13.21786393,42.1038961,42.58874459,-0.484848485,56.67381611,0.843012753,1.275854065
311,3/8/2024,WOOUSDT,2.103321372,0.687472174,96,0,96,1.401008377,10.63309638,9.232088003,83.13368471,80.80715865,2.326526063,66.2712645,0.89925018,1.150705268
312,3/8/2024,WRXUSDT,2.886331974,0.596831842,80,0,80,2.060582286,10.02813651,7.967554226,65.28803545,64.96250012,0.325535332,68.6662651,0.80915104,1.150705268
313,3/8/2024,XAIUSDT,-1.161221786,81.83235631,52,20,32,-1.646679071,8.766402383,10.41308145,73.96771453,66.29849901,7.66921552,60.27436286,0.768941395,2.086985884
314,3/8/2024,XECUSDT,8.650590509,-0.305074135,84,36,48,6.189354426,17.02395271,10.83459829,41.97309417,41.50669435,0.466399822,78.61157717,0.751406551,1.150705268
315,3/8/2024,XEMUSDT,4.130748659,0.682455368,96,0,96,4.066289073,12.35562327,8.289334194,84.52982811,89.41268759,-4.882859484,69.48947317,0.64350409,1.150705268
316,3/8/2024,XLMUSDT,2.52516689,0.591177979,84,0,84,2.12354994,7.963636108,5.840086169,60.43956044,59.55360619,0.885954248,65.16738477,0.381400316,1.150705268
317,3/8/2024,XNOUSDT,0.044467462,0.652187865,68,56,12,1.223209465,7.769948099,6.546738634,78.88198758,75.7073844,3.174603175,63.34821559,0.860030117,1.150705268
318,3/8/2024,XRPUSDT,0.87830849,0.834343053,88,4,84,0.872645705,4.868764615,3.99611891,70.93772369,67.55571729,3.382006405,61.11320377,0.397271841,1.150705268
319,3/8/2024,XTZUSDT,3.235000308,0.777488702,96,0,96,2.568577463,11.88708092,9.318503459,83.47457627,83.91928796,-0.444711689,68.05101914,0.566530167,1.150705268
320,3/8/2024,XVGUSDT,-1.642767029,0.295035919,60,0,60,-0.653488964,8.557698926,9.21118789,47.25227174,47.24386522,0.008406522,60.2649314,0.400898792,1.150705268
321,3/8/2024,XVSUSDT,0.822748821,1.204264577,80,88,-8,0.010653247,2.894137711,2.883484464,86.76923077,80.61538462,6.153846154,58.53345147,0.897014037,1.150705268
322,3/8/2024,YFIUSDT,1.838111719,0.854727359,88,36,52,1.776577176,6.623257095,4.846679919,74.10666667,70.15370754,3.952959129,78.56182341,0.490267911,1.150705268
323,3/8/2024,YGGUSDT,-2.267598014,0.781827799,72,0,72,0.040580176,7.274383195,7.233803018,53.32317073,50.31504065,3.008130081,60.04713966,0.896316939,1.150705268
324,3/8/2024,ZENUSDT,1.461194282,0.774318786,24,0,24,0.492752569,11.98988606,11.49713349,83.48909657,79.85462098,3.634475597,64.52947417,0.452048269,1.150705268
325,3/8/2024,ZILUSDT,3.979139111,0.906233309,92,0,92,3.716925962,14.88582373,11.16889776,69.02604757,74.18265183,-5.156604267,70.64214788,0.311424867,1.150705268
326,3/8/2024,ZRXUSDT,5.476967556,-0.531334822,96,0,96,3.907267465,11.11305192,7.205784451,77.2354549,83.04500218,-5.809547283,73.61757528,0.8031542,1.150705268
